iti_id,iti_name,district,industrial_cluster,tier,iti_type,course_name,sector,nsqf_level,duration_months,annual_intake_seats,placement_rate_pct,skills_taught,skills_gap,demand_alignment,mismatch_flag
ITI-MH-0001,Tata Strive Centre Chakan,Pune,Chakan,metro,Govt,Plumber,Construction,3,12,41,52.2,pipe fitting; sanitary installation; plumbing drawings; water treatment basics; pressure testing,CPVC/HDPE piping; rainwater harvesting systems; fire suppression piping; BIM coordination,Stable,BALANCED
ITI-MH-0001,Tata Strive Centre Chakan,Pune,Chakan,metro,Govt,Turner / Machinist,Precision Engg,3,24,40,48.4,lathe operation; turning & facing; boring & drilling; measurement tools; coolant management,CNC turning centres; live tooling; precision grinding; CMM measurement; ISO 9001 documentation,Stable,BALANCED
ITI-MH-0001,Tata Strive Centre Chakan,Pune,Chakan,metro,Pvt,Robotics & Automation,Adv Manufacturing,5,12,19,89.7,PLC programming; servo motor calibration; robot teach pendant; pneumatic systems; FANUC/KUKA commissioning,collaborative robot (cobot) programming; digital twin simulation; safety PLC; vision-guided robotics; ROS basics,Emerging,UNDERSUPPLY_HIGH_DEMAND
ITI-MH-0002,KVK ITI Pune,Pune,Chakan,metro,Pvt,CNC/VMC Operator,Precision Engg,4,12,30,70.9,G-code programming; Fanuc CNC controls; tool offsets; quality inspection; CAD/CAM basics; tolerance measurement,5-axis machining; Mastercam post-processing; in-process gauging; robotic tending; digital twin simulation,Stable,BALANCED
ITI-MH-0002,KVK ITI Pune,Pune,Chakan,metro,Pvt,AI-Quality Inspection Tech,Adv Manufacturing,5,12,8,71.2,computer vision basics; image annotation; CMM operation; SPC analysis; defect classification; Python/ML awareness,model retraining pipelines; edge AI deployment; generative AI for test data; ISO 17025 lab accreditation,Emerging,UNDERSUPPLY_HIGH_DEMAND
ITI-MH-0002,KVK ITI Pune,Pune,Chakan,metro,Pvt,Industrial IoT Technician,Industry 4.0,5,12,20,68.9,MQTT protocol; OPC-UA; edge computing; sensor calibration; Python scripting; cloud dashboards,cybersecurity for OT networks; digital thread; 5G private network config; ML-based anomaly detection,Emerging,BALANCED
ITI-MH-0002,KVK ITI Pune,Pune,Chakan,metro,Govt,Shorthand & Stenography,Administration,2,12,45,8.1,Pitman shorthand; typing speed 60wpm; MS Word; filing systems; basic correspondence,digital transcription tools; voice-to-text software; calendar management; CRM usage,Declining,OVERSUPPLY_LOW_PLACEMENT
ITI-MH-0002,KVK ITI Pune,Pune,Chakan,metro,Govt,Data Entry & Office Automation,IT/BPO,2,12,30,15.6,MS Office; typing speed 40wpm; basic internet browsing; data formatting; tally basics,AI/ML awareness; RPA tools; cloud-based ERP; Python scripting; database querying,Declining,OVERSUPPLY_LOW_PLACEMENT
ITI-MH-0003,Lok Shikshan Sanstha ITI Ranjangaon,Pune,Ranjangaon,metro,Pvt,AI-Quality Inspection Tech,Adv Manufacturing,5,12,12,64.3,computer vision basics; image annotation; CMM operation; SPC analysis; defect classification; Python/ML awareness,model retraining pipelines; edge AI deployment; generative AI for test data; ISO 17025 lab accreditation,Emerging,UNDERSUPPLY_HIGH_DEMAND
ITI-MH-0003,Lok Shikshan Sanstha ITI Ranjangaon,Pune,Ranjangaon,metro,Pvt,AC & Refrigeration Mechanic,HVAC,4,24,25,59.8,VRF systems; refrigerant handling; gas charging; electrical troubleshooting; BMS controls; AMC documentation,IoT-enabled HVAC monitoring; heat pump systems; cold-chain reefer servicing; LEED commissioning,Stable,BALANCED
ITI-MH-0003,Lok Shikshan Sanstha ITI Ranjangaon,Pune,Ranjangaon,metro,Pvt,Green Building & Energy Audit,Construction,4,6,5,72.9,IGBC norms; MEP coordination; energy auditing basics; rainwater harvesting; BIM awareness; EV charging infra,ECBC compliance documentation; net-zero building modelling; green rating auditing; thermal comfort simulation,Emerging,UNDERSUPPLY_HIGH_DEMAND
ITI-MH-0003,Lok Shikshan Sanstha ITI Ranjangaon,Pune,Ranjangaon,metro,Govt,Plumber,Construction,3,12,32,35.1,pipe fitting; sanitary installation; plumbing drawings; water treatment basics; pressure testing,CPVC/HDPE piping; rainwater harvesting systems; fire suppression piping; BIM coordination,Stable,BALANCED
ITI-MH-0004,Bharat ITI Pune,Pune,Pimpri-Chinchwad,metro,Govt,Draughtsman (Civil/Mechanical),Engineering,3,24,82,13.7,manual drawing board; T-square drafting; 2D blueprint reading; basic AutoCAD; orthographic projection,3D CAD modelling (SolidWorks/CATIA); BIM software; parametric design; GD&T; simulation basics,Declining,OVERSUPPLY_LOW_PLACEMENT
ITI-MH-0004,Bharat ITI Pune,Pune,Pimpri-Chinchwad,metro,Govt,Electrician,Electrical,3,24,43,52.7,panel wiring; earthing; motor winding; PLC basics; electrical drawings; safety regulations,VFD configuration; SCADA basics; smart metering; EV charging infra; solar grid interconnection,Stable,BALANCED
ITI-MH-0004,Bharat ITI Pune,Pune,Pimpri-Chinchwad,metro,Pvt,CNC/VMC Operator,Precision Engg,4,12,21,68.8,G-code programming; Fanuc CNC controls; tool offsets; quality inspection; CAD/CAM basics; tolerance measurement,5-axis machining; Mastercam post-processing; in-process gauging; robotic tending; digital twin simulation,Stable,BALANCED
ITI-MH-0004,Bharat ITI Pune,Pune,Pimpri-Chinchwad,metro,Pvt,Robotics & Automation,Adv Manufacturing,5,12,15,63.6,PLC programming; servo motor calibration; robot teach pendant; pneumatic systems; FANUC/KUKA commissioning,collaborative robot (cobot) programming; digital twin simulation; safety PLC; vision-guided robotics; ROS basics,Emerging,UNDERSUPPLY_HIGH_DEMAND
ITI-MH-0005,NTTF Centre Talegaon,Pune,Talegaon,metro,Pvt,EV Battery Technician,Electric Vehicles,4,12,22,60.4,Li-ion cell handling; BMS calibration; spot welding; DC bus wiring; EV safety protocols; thermal management,solid-state battery handling; second-life battery repurposing; battery recycling processes; fast-charge system config,Emerging,BALANCED
ITI-MH-0005,NTTF Centre Talegaon,Pune,Talegaon,metro,Govt,Welder,Engineering,3,12,80,50.0,MIG welding; TIG welding; SMAW; weld inspection; distortion control; PPE compliance,underwater welding; robotic welding cell operation; NDT basics; structural welding codes; aluminium TIG,Stable,BALANCED
ITI-MH-0005,NTTF Centre Talegaon,Pune,Talegaon,metro,Govt,Turner / Machinist,Precision Engg,3,24,32,45.2,lathe operation; turning & facing; boring & drilling; measurement tools; coolant management,CNC turning centres; live tooling; precision grinding; CMM measurement; ISO 9001 documentation,Stable,BALANCED
ITI-MH-0006,Progressive Polytechnic & ITI Talegaon,Pune,Talegaon,metro,Govt,Shorthand & Stenography,Administration,2,12,30,17.0,Pitman shorthand; typing speed 60wpm; MS Word; filing systems; basic correspondence,digital transcription tools; voice-to-text software; calendar management; CRM usage,Declining,OVERSUPPLY_LOW_PLACEMENT
ITI-MH-0006,Progressive Polytechnic & ITI Talegaon,Pune,Talegaon,metro,Pvt,AI-Quality Inspection Tech,Adv Manufacturing,5,12,7,78.5,computer vision basics; image annotation; CMM operation; SPC analysis; defect classification; Python/ML awareness,model retraining pipelines; edge AI deployment; generative AI for test data; ISO 17025 lab accreditation,Emerging,UNDERSUPPLY_HIGH_DEMAND
ITI-MH-0006,Progressive Polytechnic & ITI Talegaon,Pune,Talegaon,metro,Pvt,CNC/VMC Operator,Precision Engg,4,12,57,55.6,G-code programming; Fanuc CNC controls; tool offsets; quality inspection; CAD/CAM basics; tolerance measurement,5-axis machining; Mastercam post-processing; in-process gauging; robotic tending; digital twin simulation,Stable,BALANCED
ITI-MH-0007,Bharat ITI Pune,Pune,Pimpri-Chinchwad,metro,Govt,Data Entry & Office Automation,IT/BPO,2,12,49,13.5,MS Office; typing speed 40wpm; basic internet browsing; data formatting; tally basics,AI/ML awareness; RPA tools; cloud-based ERP; Python scripting; database querying,Declining,OVERSUPPLY_LOW_PLACEMENT
ITI-MH-0007,Bharat ITI Pune,Pune,Pimpri-Chinchwad,metro,Pvt,Offset Printing Technology,Printing,3,12,41,15.8,offset press operation; color registration; ink mixing; plate burning; bindery operations,digital printing (UV/DTF); pre-press DTP software; packaging design; flexographic printing,Declining,OVERSUPPLY_LOW_PLACEMENT
ITI-MH-0008,Shri Shivaji ITI Chakan,Pune,Chakan,metro,Pvt,Robotics & Automation,Adv Manufacturing,5,12,18,85.1,PLC programming; servo motor calibration; robot teach pendant; pneumatic systems; FANUC/KUKA commissioning,collaborative robot (cobot) programming; digital twin simulation; safety PLC; vision-guided robotics; ROS basics,Emerging,UNDERSUPPLY_HIGH_DEMAND
ITI-MH-0008,Shri Shivaji ITI Chakan,Pune,Chakan,metro,Pvt,Cold-Chain & Logistics,Logistics,4,6,13,76.6,temperature monitoring; reefer truck ops; FSSAI cold-chain norms; inventory management; WMS software,blockchain-based traceability; EV reefer vehicle ops; predictive maintenance for cold rooms; last-mile route AI,Emerging,UNDERSUPPLY_HIGH_DEMAND
ITI-MH-0008,Shri Shivaji ITI Chakan,Pune,Chakan,metro,Pvt,Solar PV Technician,Renewable Energy,4,6,35,57.6,string inverter commissioning; rooftop module mounting; earthing & bonding; DC cabling; net metering,BESS integration; bifacial module handling; SCADA monitoring; drone-based O&M; agrivoltaic installation,Emerging,BALANCED
ITI-MH-0009,JSW Skills ITI Ranjangaon,Pune,Ranjangaon,metro,Govt,Welder,Engineering,3,12,62,57.6,MIG welding; TIG welding; SMAW; weld inspection; distortion control; PPE compliance,underwater welding; robotic welding cell operation; NDT basics; structural welding codes; aluminium TIG,Stable,BALANCED
ITI-MH-0010,MSBTE Affiliated ITI Pune,Pune,Chakan,metro,Govt,Electrician,Electrical,3,24,49,61.2,panel wiring; earthing; motor winding; PLC basics; electrical drawings; safety regulations,VFD configuration; SCADA basics; smart metering; EV charging infra; solar grid interconnection,Stable,BALANCED
ITI-MH-0010,MSBTE Affiliated ITI Pune,Pune,Chakan,metro,Pvt,AI-Quality Inspection Tech,Adv Manufacturing,5,12,10,62.1,computer vision basics; image annotation; CMM operation; SPC analysis; defect classification; Python/ML awareness,model retraining pipelines; edge AI deployment; generative AI for test data; ISO 17025 lab accreditation,Emerging,UNDERSUPPLY_HIGH_DEMAND
ITI-MH-0010,MSBTE Affiliated ITI Pune,Pune,Chakan,metro,Govt,Turner / Machinist,Precision Engg,3,24,48,56.2,lathe operation; turning & facing; boring & drilling; measurement tools; coolant management,CNC turning centres; live tooling; precision grinding; CMM measurement; ISO 9001 documentation,Stable,BALANCED
ITI-MH-0010,MSBTE Affiliated ITI Pune,Pune,Chakan,metro,Govt,Textile Weaving / Loom,Textiles,3,12,41,14.5,power loom setup; warp/weft threading; shuttle changeover; quality grading; loom maintenance,jacquard CAD design; technical textiles; ERP-based production planning; e-commerce product listing,Declining,OVERSUPPLY_LOW_PLACEMENT
ITI-MH-0010,MSBTE Affiliated ITI Pune,Pune,Chakan,metro,Pvt,AC & Refrigeration Mechanic,HVAC,4,24,39,57.6,VRF systems; refrigerant handling; gas charging; electrical troubleshooting; BMS controls; AMC documentation,IoT-enabled HVAC monitoring; heat pump systems; cold-chain reefer servicing; LEED commissioning,Stable,BALANCED
ITI-MH-0011,MSBTE Affiliated ITI Pune,Pune,Pimpri-Chinchwad,metro,Govt,Draughtsman (Civil/Mechanical),Engineering,3,24,41,13.7,manual drawing board; T-square drafting; 2D blueprint reading; basic AutoCAD; orthographic projection,3D CAD modelling (SolidWorks/CATIA); BIM software; parametric design; GD&T; simulation basics,Declining,OVERSUPPLY_LOW_PLACEMENT
ITI-MH-0011,MSBTE Affiliated ITI Pune,Pune,Pimpri-Chinchwad,metro,Govt,Textile Weaving / Loom,Textiles,3,12,59,19.2,power loom setup; warp/weft threading; shuttle changeover; quality grading; loom maintenance,jacquard CAD design; technical textiles; ERP-based production planning; e-commerce product listing,Declining,OVERSUPPLY_LOW_PLACEMENT
ITI-MH-0012,Skill India Hub ITI Pune,Pune,Chakan,metro,Govt,Data Entry & Office Automation,IT/BPO,2,12,80,12.0,MS Office; typing speed 40wpm; basic internet browsing; data formatting; tally basics,AI/ML awareness; RPA tools; cloud-based ERP; Python scripting; database querying,Declining,OVERSUPPLY_LOW_PLACEMENT
ITI-MH-0012,Skill India Hub ITI Pune,Pune,Chakan,metro,Govt,Shorthand & Stenography,Administration,2,12,42,5.4,Pitman shorthand; typing speed 60wpm; MS Word; filing systems; basic correspondence,digital transcription tools; voice-to-text software; calendar management; CRM usage,Declining,OVERSUPPLY_LOW_PLACEMENT
ITI-MH-0012,Skill India Hub ITI Pune,Pune,Chakan,metro,Govt,Electrician,Electrical,3,24,66,57.8,panel wiring; earthing; motor winding; PLC basics; electrical drawings; safety regulations,VFD configuration; SCADA basics; smart metering; EV charging infra; solar grid interconnection,Stable,BALANCED
ITI-MH-0012,Skill India Hub ITI Pune,Pune,Chakan,metro,Govt,Draughtsman (Civil/Mechanical),Engineering,3,24,80,19.9,manual drawing board; T-square drafting; 2D blueprint reading; basic AutoCAD; orthographic projection,3D CAD modelling (SolidWorks/CATIA); BIM software; parametric design; GD&T; simulation basics,Declining,OVERSUPPLY_LOW_PLACEMENT
ITI-MH-0012,Skill India Hub ITI Pune,Pune,Chakan,metro,Pvt,AC & Refrigeration Mechanic,HVAC,4,24,28,55.5,VRF systems; refrigerant handling; gas charging; electrical troubleshooting; BMS controls; AMC documentation,IoT-enabled HVAC monitoring; heat pump systems; cold-chain reefer servicing; LEED commissioning,Stable,BALANCED
ITI-MH-0013,JSW Skills ITI Ranjangaon,Pune,Ranjangaon,metro,Govt,Draughtsman (Civil/Mechanical),Engineering,3,24,49,13.3,manual drawing board; T-square drafting; 2D blueprint reading; basic AutoCAD; orthographic projection,3D CAD modelling (SolidWorks/CATIA); BIM software; parametric design; GD&T; simulation basics,Declining,OVERSUPPLY_LOW_PLACEMENT
ITI-MH-0013,JSW Skills ITI Ranjangaon,Pune,Ranjangaon,metro,Pvt,AI-Quality Inspection Tech,Adv Manufacturing,5,12,10,74.2,computer vision basics; image annotation; CMM operation; SPC analysis; defect classification; Python/ML awareness,model retraining pipelines; edge AI deployment; generative AI for test data; ISO 17025 lab accreditation,Emerging,UNDERSUPPLY_HIGH_DEMAND
ITI-MH-0014,Rayat Shikshan Sanstha ITI Pune,Pune,Talegaon,metro,Pvt,Solar PV Technician,Renewable Energy,4,6,26,63.9,string inverter commissioning; rooftop module mounting; earthing & bonding; DC cabling; net metering,BESS integration; bifacial module handling; SCADA monitoring; drone-based O&M; agrivoltaic installation,Emerging,BALANCED
ITI-MH-0014,Rayat Shikshan Sanstha ITI Pune,Pune,Talegaon,metro,Pvt,CNC/VMC Operator,Precision Engg,4,12,21,51.2,G-code programming; Fanuc CNC controls; tool offsets; quality inspection; CAD/CAM basics; tolerance measurement,5-axis machining; Mastercam post-processing; in-process gauging; robotic tending; digital twin simulation,Stable,BALANCED
ITI-MH-0015,Seva Sahayak ITI Pimpri-Chinchwad,Pune,Pimpri-Chinchwad,metro,Govt,Draughtsman (Civil/Mechanical),Engineering,3,24,62,23.3,manual drawing board; T-square drafting; 2D blueprint reading; basic AutoCAD; orthographic projection,3D CAD modelling (SolidWorks/CATIA); BIM software; parametric design; GD&T; simulation basics,Declining,OVERSUPPLY_LOW_PLACEMENT
ITI-MH-0015,Seva Sahayak ITI Pimpri-Chinchwad,Pune,Pimpri-Chinchwad,metro,Pvt,Green Building & Energy Audit,Construction,4,6,15,53.8,IGBC norms; MEP coordination; energy auditing basics; rainwater harvesting; BIM awareness; EV charging infra,ECBC compliance documentation; net-zero building modelling; green rating auditing; thermal comfort simulation,Emerging,UNDERSUPPLY_HIGH_DEMAND
ITI-MH-0015,Seva Sahayak ITI Pimpri-Chinchwad,Pune,Pimpri-Chinchwad,metro,Pvt,Industrial IoT Technician,Industry 4.0,5,12,12,79.9,MQTT protocol; OPC-UA; edge computing; sensor calibration; Python scripting; cloud dashboards,cybersecurity for OT networks; digital thread; 5G private network config; ML-based anomaly detection,Emerging,UNDERSUPPLY_HIGH_DEMAND
ITI-MH-0015,Seva Sahayak ITI Pimpri-Chinchwad,Pune,Pimpri-Chinchwad,metro,Pvt,Cold-Chain & Logistics,Logistics,4,6,18,69.3,temperature monitoring; reefer truck ops; FSSAI cold-chain norms; inventory management; WMS software,blockchain-based traceability; EV reefer vehicle ops; predictive maintenance for cold rooms; last-mile route AI,Emerging,UNDERSUPPLY_HIGH_DEMAND
ITI-MH-0015,Seva Sahayak ITI Pimpri-Chinchwad,Pune,Pimpri-Chinchwad,metro,Govt,Shorthand & Stenography,Administration,2,12,37,13.0,Pitman shorthand; typing speed 60wpm; MS Word; filing systems; basic correspondence,digital transcription tools; voice-to-text software; calendar management; CRM usage,Declining,OVERSUPPLY_LOW_PLACEMENT
ITI-MH-0016,KVK ITI Pune,Pune,Ranjangaon,metro,Pvt,Drone Pilot & UAV Maintenance,AgriTech,4,6,20,57.9,DGCA certification; flight planning; GPS calibration; payload operations; drone maintenance; geofencing,LiDAR data processing; multi-spectral imaging analysis; swarm drone coordination; FPV racing & repair,Emerging,BALANCED
ITI-MH-0016,KVK ITI Pune,Pune,Ranjangaon,metro,Govt,Shorthand & Stenography,Administration,2,12,49,13.6,Pitman shorthand; typing speed 60wpm; MS Word; filing systems; basic correspondence,digital transcription tools; voice-to-text software; calendar management; CRM usage,Declining,OVERSUPPLY_LOW_PLACEMENT
ITI-MH-0017,Tata Strive Centre Ranjangaon,Pune,Ranjangaon,metro,Pvt,Cold-Chain & Logistics,Logistics,4,6,23,51.2,temperature monitoring; reefer truck ops; FSSAI cold-chain norms; inventory management; WMS software,blockchain-based traceability; EV reefer vehicle ops; predictive maintenance for cold rooms; last-mile route AI,Emerging,BALANCED
ITI-MH-0017,Tata Strive Centre Ranjangaon,Pune,Ranjangaon,metro,Govt,Textile Weaving / Loom,Textiles,3,12,40,18.0,power loom setup; warp/weft threading; shuttle changeover; quality grading; loom maintenance,jacquard CAD design; technical textiles; ERP-based production planning; e-commerce product listing,Declining,OVERSUPPLY_LOW_PLACEMENT
ITI-MH-0017,Tata Strive Centre Ranjangaon,Pune,Ranjangaon,metro,Govt,Plumber,Construction,3,12,35,33.2,pipe fitting; sanitary installation; plumbing drawings; water treatment basics; pressure testing,CPVC/HDPE piping; rainwater harvesting systems; fire suppression piping; BIM coordination,Stable,BALANCED
ITI-MH-0017,Tata Strive Centre Ranjangaon,Pune,Ranjangaon,metro,Govt,Welder,Engineering,3,12,81,58.7,MIG welding; TIG welding; SMAW; weld inspection; distortion control; PPE compliance,underwater welding; robotic welding cell operation; NDT basics; structural welding codes; aluminium TIG,Stable,BALANCED
ITI-MH-0018,Maharashtra Industrial Training Institute Pimpri-Chinchwad,Pune,Pimpri-Chinchwad,metro,Pvt,Drone Pilot & UAV Maintenance,AgriTech,4,6,5,65.0,DGCA certification; flight planning; GPS calibration; payload operations; drone maintenance; geofencing,LiDAR data processing; multi-spectral imaging analysis; swarm drone coordination; FPV racing & repair,Emerging,UNDERSUPPLY_HIGH_DEMAND
ITI-MH-0019,Govt ITI Mumbai,Mumbai,BKC,metro,Pvt,Drone Pilot & UAV Maintenance,AgriTech,4,6,11,60.9,DGCA certification; flight planning; GPS calibration; payload operations; drone maintenance; geofencing,LiDAR data processing; multi-spectral imaging analysis; swarm drone coordination; FPV racing & repair,Emerging,UNDERSUPPLY_HIGH_DEMAND
ITI-MH-0019,Govt ITI Mumbai,Mumbai,BKC,metro,Govt,Textile Weaving / Loom,Textiles,3,12,52,14.2,power loom setup; warp/weft threading; shuttle changeover; quality grading; loom maintenance,jacquard CAD design; technical textiles; ERP-based production planning; e-commerce product listing,Declining,OVERSUPPLY_LOW_PLACEMENT
ITI-MH-0019,Govt ITI Mumbai,Mumbai,BKC,metro,Pvt,Green Building & Energy Audit,Construction,4,6,8,77.8,IGBC norms; MEP coordination; energy auditing basics; rainwater harvesting; BIM awareness; EV charging infra,ECBC compliance documentation; net-zero building modelling; green rating auditing; thermal comfort simulation,Emerging,UNDERSUPPLY_HIGH_DEMAND
ITI-MH-0019,Govt ITI Mumbai,Mumbai,BKC,metro,Pvt,AI-Quality Inspection Tech,Adv Manufacturing,5,12,10,70.4,computer vision basics; image annotation; CMM operation; SPC analysis; defect classification; Python/ML awareness,model retraining pipelines; edge AI deployment; generative AI for test data; ISO 17025 lab accreditation,Emerging,UNDERSUPPLY_HIGH_DEMAND
ITI-MH-0020,Lok Shikshan Sanstha ITI Thane-Wagle,Mumbai,Thane-Wagle,metro,Govt,Fitter,Engineering,3,24,117,41.6,bench work; assembly & fitting; measurement tools; blueprint reading; thread cutting; surface finishing,CNC fixture assembly; pneumatic systems; hydraulic fitting; 5S/lean manufacturing; digital measurement,Stable,BALANCED
ITI-MH-0020,Lok Shikshan Sanstha ITI Thane-Wagle,Mumbai,Thane-Wagle,metro,Govt,Plumber,Construction,3,12,60,50.7,pipe fitting; sanitary installation; plumbing drawings; water treatment basics; pressure testing,CPVC/HDPE piping; rainwater harvesting systems; fire suppression piping; BIM coordination,Stable,BALANCED
ITI-MH-0020,Lok Shikshan Sanstha ITI Thane-Wagle,Mumbai,Thane-Wagle,metro,Pvt,Offset Printing Technology,Printing,3,12,35,12.7,offset press operation; color registration; ink mixing; plate burning; bindery operations,digital printing (UV/DTF); pre-press DTP software; packaging design; flexographic printing,Declining,OVERSUPPLY_LOW_PLACEMENT
ITI-MH-0020,Lok Shikshan Sanstha ITI Thane-Wagle,Mumbai,Thane-Wagle,metro,Pvt,Solar PV Technician,Renewable Energy,4,6,32,78.8,string inverter commissioning; rooftop module mounting; earthing & bonding; DC cabling; net metering,BESS integration; bifacial module handling; SCADA monitoring; drone-based O&M; agrivoltaic installation,Emerging,BALANCED
ITI-MH-0021,Tata Strive Centre BKC,Mumbai,BKC,metro,Pvt,Cold-Chain & Logistics,Logistics,4,6,21,53.6,temperature monitoring; reefer truck ops; FSSAI cold-chain norms; inventory management; WMS software,blockchain-based traceability; EV reefer vehicle ops; predictive maintenance for cold rooms; last-mile route AI,Emerging,BALANCED
ITI-MH-0021,Tata Strive Centre BKC,Mumbai,BKC,metro,Govt,Fitter,Engineering,3,24,42,43.0,bench work; assembly & fitting; measurement tools; blueprint reading; thread cutting; surface finishing,CNC fixture assembly; pneumatic systems; hydraulic fitting; 5S/lean manufacturing; digital measurement,Stable,BALANCED
ITI-MH-0021,Tata Strive Centre BKC,Mumbai,BKC,metro,Govt,Draughtsman (Civil/Mechanical),Engineering,3,24,87,17.7,manual drawing board; T-square drafting; 2D blueprint reading; basic AutoCAD; orthographic projection,3D CAD modelling (SolidWorks/CATIA); BIM software; parametric design; GD&T; simulation basics,Declining,OVERSUPPLY_LOW_PLACEMENT
ITI-MH-0021,Tata Strive Centre BKC,Mumbai,BKC,metro,Pvt,EV Battery Technician,Electric Vehicles,4,12,13,81.1,Li-ion cell handling; BMS calibration; spot welding; DC bus wiring; EV safety protocols; thermal management,solid-state battery handling; second-life battery repurposing; battery recycling processes; fast-charge system config,Emerging,UNDERSUPPLY_HIGH_DEMAND
ITI-MH-0021,Tata Strive Centre BKC,Mumbai,BKC,metro,Govt,Welder,Engineering,3,12,44,57.2,MIG welding; TIG welding; SMAW; weld inspection; distortion control; PPE compliance,underwater welding; robotic welding cell operation; NDT basics; structural welding codes; aluminium TIG,Stable,BALANCED
ITI-MH-0022,KVK ITI Mumbai,Mumbai,Thane-Wagle,metro,Pvt,Offset Printing Technology,Printing,3,12,30,8.4,offset press operation; color registration; ink mixing; plate burning; bindery operations,digital printing (UV/DTF); pre-press DTP software; packaging design; flexographic printing,Declining,OVERSUPPLY_LOW_PLACEMENT
ITI-MH-0022,KVK ITI Mumbai,Mumbai,Thane-Wagle,metro,Govt,Textile Weaving / Loom,Textiles,3,12,49,16.9,power loom setup; warp/weft threading; shuttle changeover; quality grading; loom maintenance,jacquard CAD design; technical textiles; ERP-based production planning; e-commerce product listing,Declining,OVERSUPPLY_LOW_PLACEMENT
ITI-MH-0022,KVK ITI Mumbai,Mumbai,Thane-Wagle,metro,Govt,Data Entry & Office Automation,IT/BPO,2,12,71,14.1,MS Office; typing speed 40wpm; basic internet browsing; data formatting; tally basics,AI/ML awareness; RPA tools; cloud-based ERP; Python scripting; database querying,Declining,OVERSUPPLY_LOW_PLACEMENT
ITI-MH-0023,Seva Sahayak ITI Thane-Wagle,Mumbai,Thane-Wagle,metro,Govt,Electrician,Electrical,3,24,111,63.1,panel wiring; earthing; motor winding; PLC basics; electrical drawings; safety regulations,VFD configuration; SCADA basics; smart metering; EV charging infra; solar grid interconnection,Stable,BALANCED
ITI-MH-0024,Bharat ITI Mumbai,Mumbai,Thane-Wagle,metro,Govt,Fitter,Engineering,3,24,111,45.7,bench work; assembly & fitting; measurement tools; blueprint reading; thread cutting; surface finishing,CNC fixture assembly; pneumatic systems; hydraulic fitting; 5S/lean manufacturing; digital measurement,Stable,BALANCED
ITI-MH-0024,Bharat ITI Mumbai,Mumbai,Thane-Wagle,metro,Pvt,CNC/VMC Operator,Precision Engg,4,12,47,70.2,G-code programming; Fanuc CNC controls; tool offsets; quality inspection; CAD/CAM basics; tolerance measurement,5-axis machining; Mastercam post-processing; in-process gauging; robotic tending; digital twin simulation,Stable,BALANCED
ITI-MH-0025,Lok Shikshan Sanstha ITI BKC,Mumbai,BKC,metro,Pvt,Offset Printing Technology,Printing,3,12,34,17.5,offset press operation; color registration; ink mixing; plate burning; bindery operations,digital printing (UV/DTF); pre-press DTP software; packaging design; flexographic printing,Declining,OVERSUPPLY_LOW_PLACEMENT
ITI-MH-0025,Lok Shikshan Sanstha ITI BKC,Mumbai,BKC,metro,Govt,Shorthand & Stenography,Administration,2,12,32,5.8,Pitman shorthand; typing speed 60wpm; MS Word; filing systems; basic correspondence,digital transcription tools; voice-to-text software; calendar management; CRM usage,Declining,OVERSUPPLY_LOW_PLACEMENT
ITI-MH-0026,Govt ITI Mumbai,Mumbai,BKC,metro,Govt,Draughtsman (Civil/Mechanical),Engineering,3,24,87,25.2,manual drawing board; T-square drafting; 2D blueprint reading; basic AutoCAD; orthographic projection,3D CAD modelling (SolidWorks/CATIA); BIM software; parametric design; GD&T; simulation basics,Declining,BALANCED
ITI-MH-0026,Govt ITI Mumbai,Mumbai,BKC,metro,Govt,Data Entry & Office Automation,IT/BPO,2,12,80,12.8,MS Office; typing speed 40wpm; basic internet browsing; data formatting; tally basics,AI/ML awareness; RPA tools; cloud-based ERP; Python scripting; database querying,Declining,OVERSUPPLY_LOW_PLACEMENT
ITI-MH-0026,Govt ITI Mumbai,Mumbai,BKC,metro,Pvt,Industrial IoT Technician,Industry 4.0,5,12,7,75.9,MQTT protocol; OPC-UA; edge computing; sensor calibration; Python scripting; cloud dashboards,cybersecurity for OT networks; digital thread; 5G private network config; ML-based anomaly detection,Emerging,UNDERSUPPLY_HIGH_DEMAND
ITI-MH-0026,Govt ITI Mumbai,Mumbai,BKC,metro,Govt,Turner / Machinist,Precision Engg,3,24,68,42.2,lathe operation; turning & facing; boring & drilling; measurement tools; coolant management,CNC turning centres; live tooling; precision grinding; CMM measurement; ISO 9001 documentation,Stable,BALANCED
ITI-MH-0027,Tata Strive Centre Andheri-MIDC,Mumbai,Andheri-MIDC,metro,Pvt,AC & Refrigeration Mechanic,HVAC,4,24,51,55.9,VRF systems; refrigerant handling; gas charging; electrical troubleshooting; BMS controls; AMC documentation,IoT-enabled HVAC monitoring; heat pump systems; cold-chain reefer servicing; LEED commissioning,Stable,BALANCED
ITI-MH-0027,Tata Strive Centre Andheri-MIDC,Mumbai,Andheri-MIDC,metro,Pvt,Offset Printing Technology,Printing,3,12,49,12.3,offset press operation; color registration; ink mixing; plate burning; bindery operations,digital printing (UV/DTF); pre-press DTP software; packaging design; flexographic printing,Declining,OVERSUPPLY_LOW_PLACEMENT
ITI-MH-0028,NTTF Centre Thane-Wagle,Mumbai,Thane-Wagle,metro,Pvt,AC & Refrigeration Mechanic,HVAC,4,24,33,57.0,VRF systems; refrigerant handling; gas charging; electrical troubleshooting; BMS controls; AMC documentation,IoT-enabled HVAC monitoring; heat pump systems; cold-chain reefer servicing; LEED commissioning,Stable,BALANCED
ITI-MH-0028,NTTF Centre Thane-Wagle,Mumbai,Thane-Wagle,metro,Pvt,Industrial IoT Technician,Industry 4.0,5,12,16,79.8,MQTT protocol; OPC-UA; edge computing; sensor calibration; Python scripting; cloud dashboards,cybersecurity for OT networks; digital thread; 5G private network config; ML-based anomaly detection,Emerging,UNDERSUPPLY_HIGH_DEMAND
ITI-MH-0029,KVK ITI Mumbai,Mumbai,BKC,metro,Pvt,Drone Pilot & UAV Maintenance,AgriTech,4,6,11,61.3,DGCA certification; flight planning; GPS calibration; payload operations; drone maintenance; geofencing,LiDAR data processing; multi-spectral imaging analysis; swarm drone coordination; FPV racing & repair,Emerging,UNDERSUPPLY_HIGH_DEMAND
ITI-MH-0029,KVK ITI Mumbai,Mumbai,BKC,metro,Pvt,Robotics & Automation,Adv Manufacturing,5,12,15,64.1,PLC programming; servo motor calibration; robot teach pendant; pneumatic systems; FANUC/KUKA commissioning,collaborative robot (cobot) programming; digital twin simulation; safety PLC; vision-guided robotics; ROS basics,Emerging,UNDERSUPPLY_HIGH_DEMAND
ITI-MH-0029,KVK ITI Mumbai,Mumbai,BKC,metro,Pvt,Industrial IoT Technician,Industry 4.0,5,12,17,86.6,MQTT protocol; OPC-UA; edge computing; sensor calibration; Python scripting; cloud dashboards,cybersecurity for OT networks; digital thread; 5G private network config; ML-based anomaly detection,Emerging,UNDERSUPPLY_HIGH_DEMAND
ITI-MH-0029,KVK ITI Mumbai,Mumbai,BKC,metro,Govt,Plumber,Construction,3,12,23,45.6,pipe fitting; sanitary installation; plumbing drawings; water treatment basics; pressure testing,CPVC/HDPE piping; rainwater harvesting systems; fire suppression piping; BIM coordination,Stable,BALANCED
ITI-MH-0029,KVK ITI Mumbai,Mumbai,BKC,metro,Govt,Fitter,Engineering,3,24,89,58.3,bench work; assembly & fitting; measurement tools; blueprint reading; thread cutting; surface finishing,CNC fixture assembly; pneumatic systems; hydraulic fitting; 5S/lean manufacturing; digital measurement,Stable,BALANCED
ITI-MH-0030,Govt ITI Mumbai (Women),Mumbai,BKC,metro,Pvt,Robotics & Automation,Adv Manufacturing,5,12,15,81.9,PLC programming; servo motor calibration; robot teach pendant; pneumatic systems; FANUC/KUKA commissioning,collaborative robot (cobot) programming; digital twin simulation; safety PLC; vision-guided robotics; ROS basics,Emerging,UNDERSUPPLY_HIGH_DEMAND
ITI-MH-0030,Govt ITI Mumbai (Women),Mumbai,BKC,metro,Pvt,Offset Printing Technology,Printing,3,12,38,11.8,offset press operation; color registration; ink mixing; plate burning; bindery operations,digital printing (UV/DTF); pre-press DTP software; packaging design; flexographic printing,Declining,OVERSUPPLY_LOW_PLACEMENT
ITI-MH-0031,Lok Shikshan Sanstha ITI BKC,Mumbai,BKC,metro,Govt,Plumber,Construction,3,12,43,41.9,pipe fitting; sanitary installation; plumbing drawings; water treatment basics; pressure testing,CPVC/HDPE piping; rainwater harvesting systems; fire suppression piping; BIM coordination,Stable,BALANCED
ITI-MH-0031,Lok Shikshan Sanstha ITI BKC,Mumbai,BKC,metro,Govt,Fitter,Engineering,3,24,63,46.3,bench work; assembly & fitting; measurement tools; blueprint reading; thread cutting; surface finishing,CNC fixture assembly; pneumatic systems; hydraulic fitting; 5S/lean manufacturing; digital measurement,Stable,BALANCED
ITI-MH-0031,Lok Shikshan Sanstha ITI BKC,Mumbai,BKC,metro,Govt,Electrician,Electrical,3,24,58,51.9,panel wiring; earthing; motor winding; PLC basics; electrical drawings; safety regulations,VFD configuration; SCADA basics; smart metering; EV charging infra; solar grid interconnection,Stable,BALANCED
ITI-MH-0031,Lok Shikshan Sanstha ITI BKC,Mumbai,BKC,metro,Pvt,Green Building & Energy Audit,Construction,4,6,13,59.0,IGBC norms; MEP coordination; energy auditing basics; rainwater harvesting; BIM awareness; EV charging infra,ECBC compliance documentation; net-zero building modelling; green rating auditing; thermal comfort simulation,Emerging,UNDERSUPPLY_HIGH_DEMAND
ITI-MH-0031,Lok Shikshan Sanstha ITI BKC,Mumbai,BKC,metro,Govt,Textile Weaving / Loom,Textiles,3,12,40,13.2,power loom setup; warp/weft threading; shuttle changeover; quality grading; loom maintenance,jacquard CAD design; technical textiles; ERP-based production planning; e-commerce product listing,Declining,OVERSUPPLY_LOW_PLACEMENT
ITI-MH-0032,Maharashtra Industrial Training Institute Andheri-MIDC,Mumbai,Andheri-MIDC,metro,Pvt,Industrial IoT Technician,Industry 4.0,5,12,15,67.3,MQTT protocol; OPC-UA; edge computing; sensor calibration; Python scripting; cloud dashboards,cybersecurity for OT networks; digital thread; 5G private network config; ML-based anomaly detection,Emerging,UNDERSUPPLY_HIGH_DEMAND
ITI-MH-0032,Maharashtra Industrial Training Institute Andheri-MIDC,Mumbai,Andheri-MIDC,metro,Pvt,Robotics & Automation,Adv Manufacturing,5,12,10,78.6,PLC programming; servo motor calibration; robot teach pendant; pneumatic systems; FANUC/KUKA commissioning,collaborative robot (cobot) programming; digital twin simulation; safety PLC; vision-guided robotics; ROS basics,Emerging,UNDERSUPPLY_HIGH_DEMAND
ITI-MH-0032,Maharashtra Industrial Training Institute Andheri-MIDC,Mumbai,Andheri-MIDC,metro,Pvt,Solar PV Technician,Renewable Energy,4,6,15,59.4,string inverter commissioning; rooftop module mounting; earthing & bonding; DC cabling; net metering,BESS integration; bifacial module handling; SCADA monitoring; drone-based O&M; agrivoltaic installation,Emerging,UNDERSUPPLY_HIGH_DEMAND
ITI-MH-0033,Shri Shivaji ITI BKC,Mumbai,BKC,metro,Govt,Data Entry & Office Automation,IT/BPO,2,12,39,12.8,MS Office; typing speed 40wpm; basic internet browsing; data formatting; tally basics,AI/ML awareness; RPA tools; cloud-based ERP; Python scripting; database querying,Declining,OVERSUPPLY_LOW_PLACEMENT
ITI-MH-0033,Shri Shivaji ITI BKC,Mumbai,BKC,metro,Govt,Shorthand & Stenography,Administration,2,12,59,8.4,Pitman shorthand; typing speed 60wpm; MS Word; filing systems; basic correspondence,digital transcription tools; voice-to-text software; calendar management; CRM usage,Declining,OVERSUPPLY_LOW_PLACEMENT
ITI-MH-0033,Shri Shivaji ITI BKC,Mumbai,BKC,metro,Pvt,AC & Refrigeration Mechanic,HVAC,4,24,22,46.0,VRF systems; refrigerant handling; gas charging; electrical troubleshooting; BMS controls; AMC documentation,IoT-enabled HVAC monitoring; heat pump systems; cold-chain reefer servicing; LEED commissioning,Stable,BALANCED
ITI-MH-0034,Maharashtra Industrial Training Institute Thane-Wagle,Mumbai,Thane-Wagle,metro,Pvt,Drone Pilot & UAV Maintenance,AgriTech,4,6,10,80.8,DGCA certification; flight planning; GPS calibration; payload operations; drone maintenance; geofencing,LiDAR data processing; multi-spectral imaging analysis; swarm drone coordination; FPV racing & repair,Emerging,UNDERSUPPLY_HIGH_DEMAND
ITI-MH-0034,Maharashtra Industrial Training Institute Thane-Wagle,Mumbai,Thane-Wagle,metro,Govt,Turner / Machinist,Precision Engg,3,24,56,49.7,lathe operation; turning & facing; boring & drilling; measurement tools; coolant management,CNC turning centres; live tooling; precision grinding; CMM measurement; ISO 9001 documentation,Stable,BALANCED
ITI-MH-0034,Maharashtra Industrial Training Institute Thane-Wagle,Mumbai,Thane-Wagle,metro,Pvt,Green Building & Energy Audit,Construction,4,6,12,63.4,IGBC norms; MEP coordination; energy auditing basics; rainwater harvesting; BIM awareness; EV charging infra,ECBC compliance documentation; net-zero building modelling; green rating auditing; thermal comfort simulation,Emerging,UNDERSUPPLY_HIGH_DEMAND
ITI-MH-0034,Maharashtra Industrial Training Institute Thane-Wagle,Mumbai,Thane-Wagle,metro,Govt,Welder,Engineering,3,12,68,42.8,MIG welding; TIG welding; SMAW; weld inspection; distortion control; PPE compliance,underwater welding; robotic welding cell operation; NDT basics; structural welding codes; aluminium TIG,Stable,BALANCED
ITI-MH-0034,Maharashtra Industrial Training Institute Thane-Wagle,Mumbai,Thane-Wagle,metro,Govt,Draughtsman (Civil/Mechanical),Engineering,3,24,61,19.8,manual drawing board; T-square drafting; 2D blueprint reading; basic AutoCAD; orthographic projection,3D CAD modelling (SolidWorks/CATIA); BIM software; parametric design; GD&T; simulation basics,Declining,OVERSUPPLY_LOW_PLACEMENT
ITI-MH-0035,Govt ITI Mumbai (Women),Mumbai,Thane-Wagle,metro,Pvt,Cold-Chain & Logistics,Logistics,4,6,21,71.1,temperature monitoring; reefer truck ops; FSSAI cold-chain norms; inventory management; WMS software,blockchain-based traceability; EV reefer vehicle ops; predictive maintenance for cold rooms; last-mile route AI,Emerging,BALANCED
ITI-MH-0036,Govt ITI Mumbai,Mumbai,Thane-Wagle,metro,Govt,Turner / Machinist,Precision Engg,3,24,72,53.2,lathe operation; turning & facing; boring & drilling; measurement tools; coolant management,CNC turning centres; live tooling; precision grinding; CMM measurement; ISO 9001 documentation,Stable,BALANCED
ITI-MH-0036,Govt ITI Mumbai,Mumbai,Thane-Wagle,metro,Govt,Data Entry & Office Automation,IT/BPO,2,12,60,19.3,MS Office; typing speed 40wpm; basic internet browsing; data formatting; tally basics,AI/ML awareness; RPA tools; cloud-based ERP; Python scripting; database querying,Declining,OVERSUPPLY_LOW_PLACEMENT
ITI-MH-0036,Govt ITI Mumbai,Mumbai,Thane-Wagle,metro,Govt,Fitter,Engineering,3,24,103,46.8,bench work; assembly & fitting; measurement tools; blueprint reading; thread cutting; surface finishing,CNC fixture assembly; pneumatic systems; hydraulic fitting; 5S/lean manufacturing; digital measurement,Stable,BALANCED
ITI-MH-0036,Govt ITI Mumbai,Mumbai,Thane-Wagle,metro,Pvt,Solar PV Technician,Renewable Energy,4,6,31,64.2,string inverter commissioning; rooftop module mounting; earthing & bonding; DC cabling; net metering,BESS integration; bifacial module handling; SCADA monitoring; drone-based O&M; agrivoltaic installation,Emerging,BALANCED
ITI-MH-0036,Govt ITI Mumbai,Mumbai,Thane-Wagle,metro,Pvt,CNC/VMC Operator,Precision Engg,4,12,31,62.6,G-code programming; Fanuc CNC controls; tool offsets; quality inspection; CAD/CAM basics; tolerance measurement,5-axis machining; Mastercam post-processing; in-process gauging; robotic tending; digital twin simulation,Stable,BALANCED
ITI-MH-0037,Progressive Polytechnic & ITI Murbad,Thane,Murbad,metro,Pvt,Cold-Chain & Logistics,Logistics,4,6,18,52.5,temperature monitoring; reefer truck ops; FSSAI cold-chain norms; inventory management; WMS software,blockchain-based traceability; EV reefer vehicle ops; predictive maintenance for cold rooms; last-mile route AI,Emerging,UNDERSUPPLY_HIGH_DEMAND
ITI-MH-0038,Govt ITI Thane,Thane,Bhiwandi,metro,Govt,Data Entry & Office Automation,IT/BPO,2,12,80,10.2,MS Office; typing speed 40wpm; basic internet browsing; data formatting; tally basics,AI/ML awareness; RPA tools; cloud-based ERP; Python scripting; database querying,Declining,OVERSUPPLY_LOW_PLACEMENT
ITI-MH-0039,MSBTE Affiliated ITI Thane,Thane,Murbad,metro,Pvt,Solar PV Technician,Renewable Energy,4,6,29,55.2,string inverter commissioning; rooftop module mounting; earthing & bonding; DC cabling; net metering,BESS integration; bifacial module handling; SCADA monitoring; drone-based O&M; agrivoltaic installation,Emerging,BALANCED
ITI-MH-0039,MSBTE Affiliated ITI Thane,Thane,Murbad,metro,Pvt,Industrial IoT Technician,Industry 4.0,5,12,11,72.3,MQTT protocol; OPC-UA; edge computing; sensor calibration; Python scripting; cloud dashboards,cybersecurity for OT networks; digital thread; 5G private network config; ML-based anomaly detection,Emerging,UNDERSUPPLY_HIGH_DEMAND
ITI-MH-0039,MSBTE Affiliated ITI Thane,Thane,Murbad,metro,Govt,Fitter,Engineering,3,24,40,44.0,bench work; assembly & fitting; measurement tools; blueprint reading; thread cutting; surface finishing,CNC fixture assembly; pneumatic systems; hydraulic fitting; 5S/lean manufacturing; digital measurement,Stable,BALANCED
ITI-MH-0039,MSBTE Affiliated ITI Thane,Thane,Murbad,metro,Pvt,Green Building & Energy Audit,Construction,4,6,9,76.9,IGBC norms; MEP coordination; energy auditing basics; rainwater harvesting; BIM awareness; EV charging infra,ECBC compliance documentation; net-zero building modelling; green rating auditing; thermal comfort simulation,Emerging,UNDERSUPPLY_HIGH_DEMAND
ITI-MH-0039,MSBTE Affiliated ITI Thane,Thane,Murbad,metro,Pvt,Offset Printing Technology,Printing,3,12,34,14.0,offset press operation; color registration; ink mixing; plate burning; bindery operations,digital printing (UV/DTF); pre-press DTP software; packaging design; flexographic printing,Declining,OVERSUPPLY_LOW_PLACEMENT
ITI-MH-0040,NTTF Centre Bhiwandi,Thane,Bhiwandi,metro,Govt,Shorthand & Stenography,Administration,2,12,40,6.5,Pitman shorthand; typing speed 60wpm; MS Word; filing systems; basic correspondence,digital transcription tools; voice-to-text software; calendar management; CRM usage,Declining,OVERSUPPLY_LOW_PLACEMENT
ITI-MH-0040,NTTF Centre Bhiwandi,Thane,Bhiwandi,metro,Pvt,Industrial IoT Technician,Industry 4.0,5,12,6,80.0,MQTT protocol; OPC-UA; edge computing; sensor calibration; Python scripting; cloud dashboards,cybersecurity for OT networks; digital thread; 5G private network config; ML-based anomaly detection,Emerging,UNDERSUPPLY_HIGH_DEMAND
ITI-MH-0040,NTTF Centre Bhiwandi,Thane,Bhiwandi,metro,Govt,Data Entry & Office Automation,IT/BPO,2,12,36,18.3,MS Office; typing speed 40wpm; basic internet browsing; data formatting; tally basics,AI/ML awareness; RPA tools; cloud-based ERP; Python scripting; database querying,Declining,OVERSUPPLY_LOW_PLACEMENT
ITI-MH-0040,NTTF Centre Bhiwandi,Thane,Bhiwandi,metro,Pvt,Green Building & Energy Audit,Construction,4,6,9,53.6,IGBC norms; MEP coordination; energy auditing basics; rainwater harvesting; BIM awareness; EV charging infra,ECBC compliance documentation; net-zero building modelling; green rating auditing; thermal comfort simulation,Emerging,UNDERSUPPLY_HIGH_DEMAND
ITI-MH-0040,NTTF Centre Bhiwandi,Thane,Bhiwandi,metro,Govt,Textile Weaving / Loom,Textiles,3,12,52,16.5,power loom setup; warp/weft threading; shuttle changeover; quality grading; loom maintenance,jacquard CAD design; technical textiles; ERP-based production planning; e-commerce product listing,Declining,OVERSUPPLY_LOW_PLACEMENT
ITI-MH-0041,JSW Skills ITI Murbad,Thane,Murbad,metro,Pvt,Robotics & Automation,Adv Manufacturing,5,12,16,64.0,PLC programming; servo motor calibration; robot teach pendant; pneumatic systems; FANUC/KUKA commissioning,collaborative robot (cobot) programming; digital twin simulation; safety PLC; vision-guided robotics; ROS basics,Emerging,UNDERSUPPLY_HIGH_DEMAND
ITI-MH-0041,JSW Skills ITI Murbad,Thane,Murbad,metro,Pvt,Offset Printing Technology,Printing,3,12,46,10.0,offset press operation; color registration; ink mixing; plate burning; bindery operations,digital printing (UV/DTF); pre-press DTP software; packaging design; flexographic printing,Declining,OVERSUPPLY_LOW_PLACEMENT
ITI-MH-0041,JSW Skills ITI Murbad,Thane,Murbad,metro,Pvt,Industrial IoT Technician,Industry 4.0,5,12,19,64.4,MQTT protocol; OPC-UA; edge computing; sensor calibration; Python scripting; cloud dashboards,cybersecurity for OT networks; digital thread; 5G private network config; ML-based anomaly detection,Emerging,UNDERSUPPLY_HIGH_DEMAND
ITI-MH-0041,JSW Skills ITI Murbad,Thane,Murbad,metro,Govt,Electrician,Electrical,3,24,72,50.4,panel wiring; earthing; motor winding; PLC basics; electrical drawings; safety regulations,VFD configuration; SCADA basics; smart metering; EV charging infra; solar grid interconnection,Stable,BALANCED
ITI-MH-0041,JSW Skills ITI Murbad,Thane,Murbad,metro,Pvt,Drone Pilot & UAV Maintenance,AgriTech,4,6,16,73.6,DGCA certification; flight planning; GPS calibration; payload operations; drone maintenance; geofencing,LiDAR data processing; multi-spectral imaging analysis; swarm drone coordination; FPV racing & repair,Emerging,UNDERSUPPLY_HIGH_DEMAND
ITI-MH-0042,JSW Skills ITI Murbad,Thane,Murbad,metro,Pvt,AI-Quality Inspection Tech,Adv Manufacturing,5,12,11,67.4,computer vision basics; image annotation; CMM operation; SPC analysis; defect classification; Python/ML awareness,model retraining pipelines; edge AI deployment; generative AI for test data; ISO 17025 lab accreditation,Emerging,UNDERSUPPLY_HIGH_DEMAND
ITI-MH-0042,JSW Skills ITI Murbad,Thane,Murbad,metro,Pvt,CNC/VMC Operator,Precision Engg,4,12,50,69.6,G-code programming; Fanuc CNC controls; tool offsets; quality inspection; CAD/CAM basics; tolerance measurement,5-axis machining; Mastercam post-processing; in-process gauging; robotic tending; digital twin simulation,Stable,BALANCED
ITI-MH-0042,JSW Skills ITI Murbad,Thane,Murbad,metro,Pvt,Cold-Chain & Logistics,Logistics,4,6,14,58.5,temperature monitoring; reefer truck ops; FSSAI cold-chain norms; inventory management; WMS software,blockchain-based traceability; EV reefer vehicle ops; predictive maintenance for cold rooms; last-mile route AI,Emerging,UNDERSUPPLY_HIGH_DEMAND
ITI-MH-0042,JSW Skills ITI Murbad,Thane,Murbad,metro,Govt,Electrician,Electrical,3,24,69,52.8,panel wiring; earthing; motor winding; PLC basics; electrical drawings; safety regulations,VFD configuration; SCADA basics; smart metering; EV charging infra; solar grid interconnection,Stable,BALANCED
ITI-MH-0042,JSW Skills ITI Murbad,Thane,Murbad,metro,Govt,Shorthand & Stenography,Administration,2,12,50,11.3,Pitman shorthand; typing speed 60wpm; MS Word; filing systems; basic correspondence,digital transcription tools; voice-to-text software; calendar management; CRM usage,Declining,OVERSUPPLY_LOW_PLACEMENT
ITI-MH-0043,Bharat ITI Thane,Thane,Dombivli-MIDC,metro,Pvt,Green Building & Energy Audit,Construction,4,6,14,73.1,IGBC norms; MEP coordination; energy auditing basics; rainwater harvesting; BIM awareness; EV charging infra,ECBC compliance documentation; net-zero building modelling; green rating auditing; thermal comfort simulation,Emerging,UNDERSUPPLY_HIGH_DEMAND
ITI-MH-0043,Bharat ITI Thane,Thane,Dombivli-MIDC,metro,Govt,Data Entry & Office Automation,IT/BPO,2,12,77,21.6,MS Office; typing speed 40wpm; basic internet browsing; data formatting; tally basics,AI/ML awareness; RPA tools; cloud-based ERP; Python scripting; database querying,Declining,OVERSUPPLY_LOW_PLACEMENT
ITI-MH-0044,Skill India Hub ITI Thane,Thane,Bhiwandi,metro,Pvt,Cold-Chain & Logistics,Logistics,4,6,15,69.2,temperature monitoring; reefer truck ops; FSSAI cold-chain norms; inventory management; WMS software,blockchain-based traceability; EV reefer vehicle ops; predictive maintenance for cold rooms; last-mile route AI,Emerging,UNDERSUPPLY_HIGH_DEMAND
ITI-MH-0044,Skill India Hub ITI Thane,Thane,Bhiwandi,metro,Govt,Textile Weaving / Loom,Textiles,3,12,48,14.5,power loom setup; warp/weft threading; shuttle changeover; quality grading; loom maintenance,jacquard CAD design; technical textiles; ERP-based production planning; e-commerce product listing,Declining,OVERSUPPLY_LOW_PLACEMENT
ITI-MH-0045,Shri Shivaji ITI Dombivli-MIDC,Thane,Dombivli-MIDC,metro,Govt,Plumber,Construction,3,12,35,30.1,pipe fitting; sanitary installation; plumbing drawings; water treatment basics; pressure testing,CPVC/HDPE piping; rainwater harvesting systems; fire suppression piping; BIM coordination,Stable,BALANCED
ITI-MH-0045,Shri Shivaji ITI Dombivli-MIDC,Thane,Dombivli-MIDC,metro,Govt,Fitter,Engineering,3,24,77,48.0,bench work; assembly & fitting; measurement tools; blueprint reading; thread cutting; surface finishing,CNC fixture assembly; pneumatic systems; hydraulic fitting; 5S/lean manufacturing; digital measurement,Stable,BALANCED
ITI-MH-0045,Shri Shivaji ITI Dombivli-MIDC,Thane,Dombivli-MIDC,metro,Govt,Textile Weaving / Loom,Textiles,3,12,36,16.2,power loom setup; warp/weft threading; shuttle changeover; quality grading; loom maintenance,jacquard CAD design; technical textiles; ERP-based production planning; e-commerce product listing,Declining,OVERSUPPLY_LOW_PLACEMENT
ITI-MH-0045,Shri Shivaji ITI Dombivli-MIDC,Thane,Dombivli-MIDC,metro,Pvt,AC & Refrigeration Mechanic,HVAC,4,24,48,52.6,VRF systems; refrigerant handling; gas charging; electrical troubleshooting; BMS controls; AMC documentation,IoT-enabled HVAC monitoring; heat pump systems; cold-chain reefer servicing; LEED commissioning,Stable,BALANCED
ITI-MH-0046,Progressive Polytechnic & ITI Bhiwandi,Thane,Bhiwandi,metro,Govt,Welder,Engineering,3,12,73,55.1,MIG welding; TIG welding; SMAW; weld inspection; distortion control; PPE compliance,underwater welding; robotic welding cell operation; NDT basics; structural welding codes; aluminium TIG,Stable,BALANCED
ITI-MH-0046,Progressive Polytechnic & ITI Bhiwandi,Thane,Bhiwandi,metro,Govt,Turner / Machinist,Precision Engg,3,24,58,55.5,lathe operation; turning & facing; boring & drilling; measurement tools; coolant management,CNC turning centres; live tooling; precision grinding; CMM measurement; ISO 9001 documentation,Stable,BALANCED
ITI-MH-0047,Shri Shivaji ITI Murbad,Thane,Murbad,metro,Govt,Welder,Engineering,3,12,84,61.6,MIG welding; TIG welding; SMAW; weld inspection; distortion control; PPE compliance,underwater welding; robotic welding cell operation; NDT basics; structural welding codes; aluminium TIG,Stable,BALANCED
ITI-MH-0047,Shri Shivaji ITI Murbad,Thane,Murbad,metro,Pvt,Offset Printing Technology,Printing,3,12,32,15.8,offset press operation; color registration; ink mixing; plate burning; bindery operations,digital printing (UV/DTF); pre-press DTP software; packaging design; flexographic printing,Declining,OVERSUPPLY_LOW_PLACEMENT
ITI-MH-0048,Tata Strive Centre Bhiwandi,Thane,Bhiwandi,metro,Govt,Draughtsman (Civil/Mechanical),Engineering,3,24,67,19.4,manual drawing board; T-square drafting; 2D blueprint reading; basic AutoCAD; orthographic projection,3D CAD modelling (SolidWorks/CATIA); BIM software; parametric design; GD&T; simulation basics,Declining,OVERSUPPLY_LOW_PLACEMENT
ITI-MH-0048,Tata Strive Centre Bhiwandi,Thane,Bhiwandi,metro,Govt,Electrician,Electrical,3,24,52,59.6,panel wiring; earthing; motor winding; PLC basics; electrical drawings; safety regulations,VFD configuration; SCADA basics; smart metering; EV charging infra; solar grid interconnection,Stable,BALANCED
ITI-MH-0048,Tata Strive Centre Bhiwandi,Thane,Bhiwandi,metro,Pvt,AI-Quality Inspection Tech,Adv Manufacturing,5,12,7,83.0,computer vision basics; image annotation; CMM operation; SPC analysis; defect classification; Python/ML awareness,model retraining pipelines; edge AI deployment; generative AI for test data; ISO 17025 lab accreditation,Emerging,UNDERSUPPLY_HIGH_DEMAND
ITI-MH-0049,Seva Sahayak ITI Murbad,Thane,Murbad,metro,Govt,Draughtsman (Civil/Mechanical),Engineering,3,24,96,17.6,manual drawing board; T-square drafting; 2D blueprint reading; basic AutoCAD; orthographic projection,3D CAD modelling (SolidWorks/CATIA); BIM software; parametric design; GD&T; simulation basics,Declining,OVERSUPPLY_LOW_PLACEMENT
ITI-MH-0049,Seva Sahayak ITI Murbad,Thane,Murbad,metro,Govt,Shorthand & Stenography,Administration,2,12,29,15.5,Pitman shorthand; typing speed 60wpm; MS Word; filing systems; basic correspondence,digital transcription tools; voice-to-text software; calendar management; CRM usage,Declining,OVERSUPPLY_LOW_PLACEMENT
ITI-MH-0049,Seva Sahayak ITI Murbad,Thane,Murbad,metro,Pvt,Solar PV Technician,Renewable Energy,4,6,23,52.5,string inverter commissioning; rooftop module mounting; earthing & bonding; DC cabling; net metering,BESS integration; bifacial module handling; SCADA monitoring; drone-based O&M; agrivoltaic installation,Emerging,BALANCED
ITI-MH-0050,KVK ITI Thane,Thane,Dombivli-MIDC,metro,Govt,Turner / Machinist,Precision Engg,3,24,35,37.5,lathe operation; turning & facing; boring & drilling; measurement tools; coolant management,CNC turning centres; live tooling; precision grinding; CMM measurement; ISO 9001 documentation,Stable,BALANCED
ITI-MH-0051,Maharashtra Industrial Training Institute Murbad,Thane,Murbad,metro,Govt,Turner / Machinist,Precision Engg,3,24,60,49.8,lathe operation; turning & facing; boring & drilling; measurement tools; coolant management,CNC turning centres; live tooling; precision grinding; CMM measurement; ISO 9001 documentation,Stable,BALANCED
ITI-MH-0051,Maharashtra Industrial Training Institute Murbad,Thane,Murbad,metro,Pvt,AC & Refrigeration Mechanic,HVAC,4,24,46,57.7,VRF systems; refrigerant handling; gas charging; electrical troubleshooting; BMS controls; AMC documentation,IoT-enabled HVAC monitoring; heat pump systems; cold-chain reefer servicing; LEED commissioning,Stable,BALANCED
ITI-MH-0052,Govt ITI Thane,Thane,Bhiwandi,metro,Pvt,Robotics & Automation,Adv Manufacturing,5,12,9,87.5,PLC programming; servo motor calibration; robot teach pendant; pneumatic systems; FANUC/KUKA commissioning,collaborative robot (cobot) programming; digital twin simulation; safety PLC; vision-guided robotics; ROS basics,Emerging,UNDERSUPPLY_HIGH_DEMAND
ITI-MH-0052,Govt ITI Thane,Thane,Bhiwandi,metro,Govt,Textile Weaving / Loom,Textiles,3,12,68,10.1,power loom setup; warp/weft threading; shuttle changeover; quality grading; loom maintenance,jacquard CAD design; technical textiles; ERP-based production planning; e-commerce product listing,Declining,OVERSUPPLY_LOW_PLACEMENT
ITI-MH-0053,MSBTE Affiliated ITI Nashik,Nashik,Satpur,tier2,Pvt,Green Building & Energy Audit,Construction,4,6,12,66.5,IGBC norms; MEP coordination; energy auditing basics; rainwater harvesting; BIM awareness; EV charging infra,ECBC compliance documentation; net-zero building modelling; green rating auditing; thermal comfort simulation,Emerging,UNDERSUPPLY_HIGH_DEMAND
ITI-MH-0053,MSBTE Affiliated ITI Nashik,Nashik,Satpur,tier2,Govt,Turner / Machinist,Precision Engg,3,24,53,44.9,lathe operation; turning & facing; boring & drilling; measurement tools; coolant management,CNC turning centres; live tooling; precision grinding; CMM measurement; ISO 9001 documentation,Stable,BALANCED
ITI-MH-0054,Rayat Shikshan Sanstha ITI Nashik,Nashik,Satpur,tier2,Govt,Electrician,Electrical,3,24,97,57.2,panel wiring; earthing; motor winding; PLC basics; electrical drawings; safety regulations,VFD configuration; SCADA basics; smart metering; EV charging infra; solar grid interconnection,Stable,BALANCED
ITI-MH-0054,Rayat Shikshan Sanstha ITI Nashik,Nashik,Satpur,tier2,Pvt,AC & Refrigeration Mechanic,HVAC,4,24,34,49.6,VRF systems; refrigerant handling; gas charging; electrical troubleshooting; BMS controls; AMC documentation,IoT-enabled HVAC monitoring; heat pump systems; cold-chain reefer servicing; LEED commissioning,Stable,BALANCED
ITI-MH-0054,Rayat Shikshan Sanstha ITI Nashik,Nashik,Satpur,tier2,Govt,Shorthand & Stenography,Administration,2,12,21,7.5,Pitman shorthand; typing speed 60wpm; MS Word; filing systems; basic correspondence,digital transcription tools; voice-to-text software; calendar management; CRM usage,Declining,OVERSUPPLY_LOW_PLACEMENT
ITI-MH-0054,Rayat Shikshan Sanstha ITI Nashik,Nashik,Satpur,tier2,Govt,Textile Weaving / Loom,Textiles,3,12,45,10.5,power loom setup; warp/weft threading; shuttle changeover; quality grading; loom maintenance,jacquard CAD design; technical textiles; ERP-based production planning; e-commerce product listing,Declining,OVERSUPPLY_LOW_PLACEMENT
ITI-MH-0054,Rayat Shikshan Sanstha ITI Nashik,Nashik,Satpur,tier2,Pvt,Offset Printing Technology,Printing,3,12,42,13.9,offset press operation; color registration; ink mixing; plate burning; bindery operations,digital printing (UV/DTF); pre-press DTP software; packaging design; flexographic printing,Declining,OVERSUPPLY_LOW_PLACEMENT
ITI-MH-0055,Govt ITI Nashik,Nashik,Ambad,tier2,Pvt,EV Battery Technician,Electric Vehicles,4,12,14,80.2,Li-ion cell handling; BMS calibration; spot welding; DC bus wiring; EV safety protocols; thermal management,solid-state battery handling; second-life battery repurposing; battery recycling processes; fast-charge system config,Emerging,UNDERSUPPLY_HIGH_DEMAND
ITI-MH-0055,Govt ITI Nashik,Nashik,Ambad,tier2,Govt,Electrician,Electrical,3,24,55,54.2,panel wiring; earthing; motor winding; PLC basics; electrical drawings; safety regulations,VFD configuration; SCADA basics; smart metering; EV charging infra; solar grid interconnection,Stable,BALANCED
ITI-MH-0055,Govt ITI Nashik,Nashik,Ambad,tier2,Govt,Turner / Machinist,Precision Engg,3,24,37,49.7,lathe operation; turning & facing; boring & drilling; measurement tools; coolant management,CNC turning centres; live tooling; precision grinding; CMM measurement; ISO 9001 documentation,Stable,BALANCED
ITI-MH-0055,Govt ITI Nashik,Nashik,Ambad,tier2,Pvt,Industrial IoT Technician,Industry 4.0,5,12,18,81.0,MQTT protocol; OPC-UA; edge computing; sensor calibration; Python scripting; cloud dashboards,cybersecurity for OT networks; digital thread; 5G private network config; ML-based anomaly detection,Emerging,UNDERSUPPLY_HIGH_DEMAND
ITI-MH-0056,Seva Sahayak ITI Sinnar,Nashik,Sinnar,tier2,Pvt,Green Building & Energy Audit,Construction,4,6,6,70.3,IGBC norms; MEP coordination; energy auditing basics; rainwater harvesting; BIM awareness; EV charging infra,ECBC compliance documentation; net-zero building modelling; green rating auditing; thermal comfort simulation,Emerging,UNDERSUPPLY_HIGH_DEMAND
ITI-MH-0056,Seva Sahayak ITI Sinnar,Nashik,Sinnar,tier2,Pvt,Robotics & Automation,Adv Manufacturing,5,12,19,74.0,PLC programming; servo motor calibration; robot teach pendant; pneumatic systems; FANUC/KUKA commissioning,collaborative robot (cobot) programming; digital twin simulation; safety PLC; vision-guided robotics; ROS basics,Emerging,UNDERSUPPLY_HIGH_DEMAND
ITI-MH-0056,Seva Sahayak ITI Sinnar,Nashik,Sinnar,tier2,Govt,Data Entry & Office Automation,IT/BPO,2,12,57,8.5,MS Office; typing speed 40wpm; basic internet browsing; data formatting; tally basics,AI/ML awareness; RPA tools; cloud-based ERP; Python scripting; database querying,Declining,OVERSUPPLY_LOW_PLACEMENT
ITI-MH-0056,Seva Sahayak ITI Sinnar,Nashik,Sinnar,tier2,Pvt,Drone Pilot & UAV Maintenance,AgriTech,4,6,16,78.7,DGCA certification; flight planning; GPS calibration; payload operations; drone maintenance; geofencing,LiDAR data processing; multi-spectral imaging analysis; swarm drone coordination; FPV racing & repair,Emerging,UNDERSUPPLY_HIGH_DEMAND
ITI-MH-0056,Seva Sahayak ITI Sinnar,Nashik,Sinnar,tier2,Pvt,AI-Quality Inspection Tech,Adv Manufacturing,5,12,13,62.6,computer vision basics; image annotation; CMM operation; SPC analysis; defect classification; Python/ML awareness,model retraining pipelines; edge AI deployment; generative AI for test data; ISO 17025 lab accreditation,Emerging,UNDERSUPPLY_HIGH_DEMAND
ITI-MH-0057,Lok Shikshan Sanstha ITI Sinnar,Nashik,Sinnar,tier2,Govt,Welder,Engineering,3,12,87,48.1,MIG welding; TIG welding; SMAW; weld inspection; distortion control; PPE compliance,underwater welding; robotic welding cell operation; NDT basics; structural welding codes; aluminium TIG,Stable,BALANCED
ITI-MH-0057,Lok Shikshan Sanstha ITI Sinnar,Nashik,Sinnar,tier2,Pvt,Cold-Chain & Logistics,Logistics,4,6,29,57.1,temperature monitoring; reefer truck ops; FSSAI cold-chain norms; inventory management; WMS software,blockchain-based traceability; EV reefer vehicle ops; predictive maintenance for cold rooms; last-mile route AI,Emerging,BALANCED
ITI-MH-0057,Lok Shikshan Sanstha ITI Sinnar,Nashik,Sinnar,tier2,Govt,Textile Weaving / Loom,Textiles,3,12,54,11.9,power loom setup; warp/weft threading; shuttle changeover; quality grading; loom maintenance,jacquard CAD design; technical textiles; ERP-based production planning; e-commerce product listing,Declining,OVERSUPPLY_LOW_PLACEMENT
ITI-MH-0058,Tata Strive Centre Sinnar,Nashik,Sinnar,tier2,Govt,Turner / Machinist,Precision Engg,3,24,56,54.0,lathe operation; turning & facing; boring & drilling; measurement tools; coolant management,CNC turning centres; live tooling; precision grinding; CMM measurement; ISO 9001 documentation,Stable,BALANCED
ITI-MH-0058,Tata Strive Centre Sinnar,Nashik,Sinnar,tier2,Govt,Electrician,Electrical,3,24,42,67.0,panel wiring; earthing; motor winding; PLC basics; electrical drawings; safety regulations,VFD configuration; SCADA basics; smart metering; EV charging infra; solar grid interconnection,Stable,BALANCED
ITI-MH-0058,Tata Strive Centre Sinnar,Nashik,Sinnar,tier2,Govt,Draughtsman (Civil/Mechanical),Engineering,3,24,84,26.6,manual drawing board; T-square drafting; 2D blueprint reading; basic AutoCAD; orthographic projection,3D CAD modelling (SolidWorks/CATIA); BIM software; parametric design; GD&T; simulation basics,Declining,BALANCED
ITI-MH-0059,NTTF Centre Ambad,Nashik,Ambad,tier2,Pvt,Green Building & Energy Audit,Construction,4,6,10,53.4,IGBC norms; MEP coordination; energy auditing basics; rainwater harvesting; BIM awareness; EV charging infra,ECBC compliance documentation; net-zero building modelling; green rating auditing; thermal comfort simulation,Emerging,UNDERSUPPLY_HIGH_DEMAND
ITI-MH-0060,Tata Strive Centre Satpur,Nashik,Satpur,tier2,Govt,Shorthand & Stenography,Administration,2,12,29,12.9,Pitman shorthand; typing speed 60wpm; MS Word; filing systems; basic correspondence,digital transcription tools; voice-to-text software; calendar management; CRM usage,Declining,OVERSUPPLY_LOW_PLACEMENT
ITI-MH-0060,Tata Strive Centre Satpur,Nashik,Satpur,tier2,Pvt,Industrial IoT Technician,Industry 4.0,5,12,20,65.0,MQTT protocol; OPC-UA; edge computing; sensor calibration; Python scripting; cloud dashboards,cybersecurity for OT networks; digital thread; 5G private network config; ML-based anomaly detection,Emerging,BALANCED
ITI-MH-0061,Lok Shikshan Sanstha ITI Satpur,Nashik,Satpur,tier2,Pvt,Drone Pilot & UAV Maintenance,AgriTech,4,6,18,68.6,DGCA certification; flight planning; GPS calibration; payload operations; drone maintenance; geofencing,LiDAR data processing; multi-spectral imaging analysis; swarm drone coordination; FPV racing & repair,Emerging,UNDERSUPPLY_HIGH_DEMAND
ITI-MH-0061,Lok Shikshan Sanstha ITI Satpur,Nashik,Satpur,tier2,Pvt,AC & Refrigeration Mechanic,HVAC,4,24,32,59.9,VRF systems; refrigerant handling; gas charging; electrical troubleshooting; BMS controls; AMC documentation,IoT-enabled HVAC monitoring; heat pump systems; cold-chain reefer servicing; LEED commissioning,Stable,BALANCED
ITI-MH-0062,MSBTE Affiliated ITI Nashik,Nashik,Sinnar,tier2,Govt,Data Entry & Office Automation,IT/BPO,2,12,38,14.2,MS Office; typing speed 40wpm; basic internet browsing; data formatting; tally basics,AI/ML awareness; RPA tools; cloud-based ERP; Python scripting; database querying,Declining,OVERSUPPLY_LOW_PLACEMENT
ITI-MH-0062,MSBTE Affiliated ITI Nashik,Nashik,Sinnar,tier2,Govt,Textile Weaving / Loom,Textiles,3,12,59,14.1,power loom setup; warp/weft threading; shuttle changeover; quality grading; loom maintenance,jacquard CAD design; technical textiles; ERP-based production planning; e-commerce product listing,Declining,OVERSUPPLY_LOW_PLACEMENT
ITI-MH-0062,MSBTE Affiliated ITI Nashik,Nashik,Sinnar,tier2,Pvt,Drone Pilot & UAV Maintenance,AgriTech,4,6,15,55.1,DGCA certification; flight planning; GPS calibration; payload operations; drone maintenance; geofencing,LiDAR data processing; multi-spectral imaging analysis; swarm drone coordination; FPV racing & repair,Emerging,UNDERSUPPLY_HIGH_DEMAND
ITI-MH-0063,Tata Strive Centre Chikalthana,Aurangabad,Chikalthana,tier2,Govt,Draughtsman (Civil/Mechanical),Engineering,3,24,49,27.8,manual drawing board; T-square drafting; 2D blueprint reading; basic AutoCAD; orthographic projection,3D CAD modelling (SolidWorks/CATIA); BIM software; parametric design; GD&T; simulation basics,Declining,BALANCED
ITI-MH-0063,Tata Strive Centre Chikalthana,Aurangabad,Chikalthana,tier2,Govt,Plumber,Construction,3,12,27,39.1,pipe fitting; sanitary installation; plumbing drawings; water treatment basics; pressure testing,CPVC/HDPE piping; rainwater harvesting systems; fire suppression piping; BIM coordination,Stable,BALANCED
ITI-MH-0064,Progressive Polytechnic & ITI Chikalthana,Aurangabad,Chikalthana,tier2,Pvt,Robotics & Automation,Adv Manufacturing,5,12,13,83.3,PLC programming; servo motor calibration; robot teach pendant; pneumatic systems; FANUC/KUKA commissioning,collaborative robot (cobot) programming; digital twin simulation; safety PLC; vision-guided robotics; ROS basics,Emerging,UNDERSUPPLY_HIGH_DEMAND
ITI-MH-0064,Progressive Polytechnic & ITI Chikalthana,Aurangabad,Chikalthana,tier2,Pvt,Industrial IoT Technician,Industry 4.0,5,12,7,86.0,MQTT protocol; OPC-UA; edge computing; sensor calibration; Python scripting; cloud dashboards,cybersecurity for OT networks; digital thread; 5G private network config; ML-based anomaly detection,Emerging,UNDERSUPPLY_HIGH_DEMAND
ITI-MH-0064,Progressive Polytechnic & ITI Chikalthana,Aurangabad,Chikalthana,tier2,Pvt,CNC/VMC Operator,Precision Engg,4,12,32,63.4,G-code programming; Fanuc CNC controls; tool offsets; quality inspection; CAD/CAM basics; tolerance measurement,5-axis machining; Mastercam post-processing; in-process gauging; robotic tending; digital twin simulation,Stable,BALANCED
ITI-MH-0064,Progressive Polytechnic & ITI Chikalthana,Aurangabad,Chikalthana,tier2,Pvt,Offset Printing Technology,Printing,3,12,32,10.4,offset press operation; color registration; ink mixing; plate burning; bindery operations,digital printing (UV/DTF); pre-press DTP software; packaging design; flexographic printing,Declining,OVERSUPPLY_LOW_PLACEMENT
ITI-MH-0065,KVK ITI Aurangabad,Aurangabad,Waluj,tier2,Govt,Shorthand & Stenography,Administration,2,12,49,7.1,Pitman shorthand; typing speed 60wpm; MS Word; filing systems; basic correspondence,digital transcription tools; voice-to-text software; calendar management; CRM usage,Declining,OVERSUPPLY_LOW_PLACEMENT
ITI-MH-0065,KVK ITI Aurangabad,Aurangabad,Waluj,tier2,Pvt,Industrial IoT Technician,Industry 4.0,5,12,9,83.0,MQTT protocol; OPC-UA; edge computing; sensor calibration; Python scripting; cloud dashboards,cybersecurity for OT networks; digital thread; 5G private network config; ML-based anomaly detection,Emerging,UNDERSUPPLY_HIGH_DEMAND
ITI-MH-0065,KVK ITI Aurangabad,Aurangabad,Waluj,tier2,Pvt,Offset Printing Technology,Printing,3,12,34,8.6,offset press operation; color registration; ink mixing; plate burning; bindery operations,digital printing (UV/DTF); pre-press DTP software; packaging design; flexographic printing,Declining,OVERSUPPLY_LOW_PLACEMENT
ITI-MH-0066,MSBTE Affiliated ITI Aurangabad,Aurangabad,Shendra-AURIC,tier2,Govt,Shorthand & Stenography,Administration,2,12,27,15.5,Pitman shorthand; typing speed 60wpm; MS Word; filing systems; basic correspondence,digital transcription tools; voice-to-text software; calendar management; CRM usage,Declining,OVERSUPPLY_LOW_PLACEMENT
ITI-MH-0066,MSBTE Affiliated ITI Aurangabad,Aurangabad,Shendra-AURIC,tier2,Pvt,Robotics & Automation,Adv Manufacturing,5,12,19,76.7,PLC programming; servo motor calibration; robot teach pendant; pneumatic systems; FANUC/KUKA commissioning,collaborative robot (cobot) programming; digital twin simulation; safety PLC; vision-guided robotics; ROS basics,Emerging,UNDERSUPPLY_HIGH_DEMAND
ITI-MH-0067,Rayat Shikshan Sanstha ITI Aurangabad,Aurangabad,Waluj,tier2,Govt,Welder,Engineering,3,12,72,49.6,MIG welding; TIG welding; SMAW; weld inspection; distortion control; PPE compliance,underwater welding; robotic welding cell operation; NDT basics; structural welding codes; aluminium TIG,Stable,BALANCED
ITI-MH-0067,Rayat Shikshan Sanstha ITI Aurangabad,Aurangabad,Waluj,tier2,Pvt,Solar PV Technician,Renewable Energy,4,6,17,78.4,string inverter commissioning; rooftop module mounting; earthing & bonding; DC cabling; net metering,BESS integration; bifacial module handling; SCADA monitoring; drone-based O&M; agrivoltaic installation,Emerging,UNDERSUPPLY_HIGH_DEMAND
ITI-MH-0068,MSBTE Affiliated ITI Aurangabad,Aurangabad,Chikalthana,tier2,Govt,Fitter,Engineering,3,24,90,45.9,bench work; assembly & fitting; measurement tools; blueprint reading; thread cutting; surface finishing,CNC fixture assembly; pneumatic systems; hydraulic fitting; 5S/lean manufacturing; digital measurement,Stable,BALANCED
ITI-MH-0068,MSBTE Affiliated ITI Aurangabad,Aurangabad,Chikalthana,tier2,Pvt,Green Building & Energy Audit,Construction,4,6,11,72.2,IGBC norms; MEP coordination; energy auditing basics; rainwater harvesting; BIM awareness; EV charging infra,ECBC compliance documentation; net-zero building modelling; green rating auditing; thermal comfort simulation,Emerging,UNDERSUPPLY_HIGH_DEMAND
ITI-MH-0069,MSBTE Affiliated ITI Aurangabad,Aurangabad,Waluj,tier2,Pvt,CNC/VMC Operator,Precision Engg,4,12,30,54.8,G-code programming; Fanuc CNC controls; tool offsets; quality inspection; CAD/CAM basics; tolerance measurement,5-axis machining; Mastercam post-processing; in-process gauging; robotic tending; digital twin simulation,Stable,BALANCED
ITI-MH-0069,MSBTE Affiliated ITI Aurangabad,Aurangabad,Waluj,tier2,Pvt,Green Building & Energy Audit,Construction,4,6,6,67.1,IGBC norms; MEP coordination; energy auditing basics; rainwater harvesting; BIM awareness; EV charging infra,ECBC compliance documentation; net-zero building modelling; green rating auditing; thermal comfort simulation,Emerging,UNDERSUPPLY_HIGH_DEMAND
ITI-MH-0070,JSW Skills ITI Shendra-AURIC,Aurangabad,Shendra-AURIC,tier2,Pvt,Solar PV Technician,Renewable Energy,4,6,17,58.5,string inverter commissioning; rooftop module mounting; earthing & bonding; DC cabling; net metering,BESS integration; bifacial module handling; SCADA monitoring; drone-based O&M; agrivoltaic installation,Emerging,UNDERSUPPLY_HIGH_DEMAND
ITI-MH-0070,JSW Skills ITI Shendra-AURIC,Aurangabad,Shendra-AURIC,tier2,Pvt,Cold-Chain & Logistics,Logistics,4,6,16,48.4,temperature monitoring; reefer truck ops; FSSAI cold-chain norms; inventory management; WMS software,blockchain-based traceability; EV reefer vehicle ops; predictive maintenance for cold rooms; last-mile route AI,Emerging,UNDERSUPPLY_HIGH_DEMAND
ITI-MH-0071,Bharat ITI Aurangabad,Aurangabad,Chikalthana,tier2,Pvt,Drone Pilot & UAV Maintenance,AgriTech,4,6,8,69.1,DGCA certification; flight planning; GPS calibration; payload operations; drone maintenance; geofencing,LiDAR data processing; multi-spectral imaging analysis; swarm drone coordination; FPV racing & repair,Emerging,UNDERSUPPLY_HIGH_DEMAND
ITI-MH-0071,Bharat ITI Aurangabad,Aurangabad,Chikalthana,tier2,Pvt,Cold-Chain & Logistics,Logistics,4,6,24,53.1,temperature monitoring; reefer truck ops; FSSAI cold-chain norms; inventory management; WMS software,blockchain-based traceability; EV reefer vehicle ops; predictive maintenance for cold rooms; last-mile route AI,Emerging,BALANCED
ITI-MH-0071,Bharat ITI Aurangabad,Aurangabad,Chikalthana,tier2,Pvt,Solar PV Technician,Renewable Energy,4,6,10,73.5,string inverter commissioning; rooftop module mounting; earthing & bonding; DC cabling; net metering,BESS integration; bifacial module handling; SCADA monitoring; drone-based O&M; agrivoltaic installation,Emerging,UNDERSUPPLY_HIGH_DEMAND
ITI-MH-0071,Bharat ITI Aurangabad,Aurangabad,Chikalthana,tier2,Pvt,AI-Quality Inspection Tech,Adv Manufacturing,5,12,5,63.0,computer vision basics; image annotation; CMM operation; SPC analysis; defect classification; Python/ML awareness,model retraining pipelines; edge AI deployment; generative AI for test data; ISO 17025 lab accreditation,Emerging,UNDERSUPPLY_HIGH_DEMAND
ITI-MH-0072,Rayat Shikshan Sanstha ITI Nagpur,Nagpur,Butibori,tier2,Govt,Draughtsman (Civil/Mechanical),Engineering,3,24,57,12.6,manual drawing board; T-square drafting; 2D blueprint reading; basic AutoCAD; orthographic projection,3D CAD modelling (SolidWorks/CATIA); BIM software; parametric design; GD&T; simulation basics,Declining,OVERSUPPLY_LOW_PLACEMENT
ITI-MH-0072,Rayat Shikshan Sanstha ITI Nagpur,Nagpur,Butibori,tier2,Govt,Data Entry & Office Automation,IT/BPO,2,12,54,15.9,MS Office; typing speed 40wpm; basic internet browsing; data formatting; tally basics,AI/ML awareness; RPA tools; cloud-based ERP; Python scripting; database querying,Declining,OVERSUPPLY_LOW_PLACEMENT
ITI-MH-0072,Rayat Shikshan Sanstha ITI Nagpur,Nagpur,Butibori,tier2,Pvt,Cold-Chain & Logistics,Logistics,4,6,22,48.3,temperature monitoring; reefer truck ops; FSSAI cold-chain norms; inventory management; WMS software,blockchain-based traceability; EV reefer vehicle ops; predictive maintenance for cold rooms; last-mile route AI,Emerging,BALANCED
ITI-MH-0073,NTTF Centre Hingna,Nagpur,Hingna,tier2,Govt,Shorthand & Stenography,Administration,2,12,33,12.4,Pitman shorthand; typing speed 60wpm; MS Word; filing systems; basic correspondence,digital transcription tools; voice-to-text software; calendar management; CRM usage,Declining,OVERSUPPLY_LOW_PLACEMENT
ITI-MH-0073,NTTF Centre Hingna,Nagpur,Hingna,tier2,Pvt,Solar PV Technician,Renewable Energy,4,6,33,59.1,string inverter commissioning; rooftop module mounting; earthing & bonding; DC cabling; net metering,BESS integration; bifacial module handling; SCADA monitoring; drone-based O&M; agrivoltaic installation,Emerging,BALANCED
ITI-MH-0073,NTTF Centre Hingna,Nagpur,Hingna,tier2,Govt,Plumber,Construction,3,12,47,31.5,pipe fitting; sanitary installation; plumbing drawings; water treatment basics; pressure testing,CPVC/HDPE piping; rainwater harvesting systems; fire suppression piping; BIM coordination,Stable,BALANCED
ITI-MH-0074,Rayat Shikshan Sanstha ITI Nagpur,Nagpur,Butibori,tier2,Pvt,Green Building & Energy Audit,Construction,4,6,10,60.1,IGBC norms; MEP coordination; energy auditing basics; rainwater harvesting; BIM awareness; EV charging infra,ECBC compliance documentation; net-zero building modelling; green rating auditing; thermal comfort simulation,Emerging,UNDERSUPPLY_HIGH_DEMAND
ITI-MH-0075,Progressive Polytechnic & ITI Hingna,Nagpur,Hingna,tier2,Pvt,Green Building & Energy Audit,Construction,4,6,7,68.1,IGBC norms; MEP coordination; energy auditing basics; rainwater harvesting; BIM awareness; EV charging infra,ECBC compliance documentation; net-zero building modelling; green rating auditing; thermal comfort simulation,Emerging,UNDERSUPPLY_HIGH_DEMAND
ITI-MH-0075,Progressive Polytechnic & ITI Hingna,Nagpur,Hingna,tier2,Pvt,Solar PV Technician,Renewable Energy,4,6,29,73.1,string inverter commissioning; rooftop module mounting; earthing & bonding; DC cabling; net metering,BESS integration; bifacial module handling; SCADA monitoring; drone-based O&M; agrivoltaic installation,Emerging,BALANCED
ITI-MH-0075,Progressive Polytechnic & ITI Hingna,Nagpur,Hingna,tier2,Pvt,Industrial IoT Technician,Industry 4.0,5,12,10,70.4,MQTT protocol; OPC-UA; edge computing; sensor calibration; Python scripting; cloud dashboards,cybersecurity for OT networks; digital thread; 5G private network config; ML-based anomaly detection,Emerging,UNDERSUPPLY_HIGH_DEMAND
ITI-MH-0075,Progressive Polytechnic & ITI Hingna,Nagpur,Hingna,tier2,Pvt,Offset Printing Technology,Printing,3,12,46,9.2,offset press operation; color registration; ink mixing; plate burning; bindery operations,digital printing (UV/DTF); pre-press DTP software; packaging design; flexographic printing,Declining,OVERSUPPLY_LOW_PLACEMENT
ITI-MH-0075,Progressive Polytechnic & ITI Hingna,Nagpur,Hingna,tier2,Pvt,Robotics & Automation,Adv Manufacturing,5,12,10,60.7,PLC programming; servo motor calibration; robot teach pendant; pneumatic systems; FANUC/KUKA commissioning,collaborative robot (cobot) programming; digital twin simulation; safety PLC; vision-guided robotics; ROS basics,Emerging,UNDERSUPPLY_HIGH_DEMAND
ITI-MH-0076,Bharat ITI Solapur,Solapur,Hotgi,tier2,Pvt,AC & Refrigeration Mechanic,HVAC,4,24,45,55.8,VRF systems; refrigerant handling; gas charging; electrical troubleshooting; BMS controls; AMC documentation,IoT-enabled HVAC monitoring; heat pump systems; cold-chain reefer servicing; LEED commissioning,Stable,BALANCED
ITI-MH-0076,Bharat ITI Solapur,Solapur,Hotgi,tier2,Pvt,Solar PV Technician,Renewable Energy,4,6,10,54.8,string inverter commissioning; rooftop module mounting; earthing & bonding; DC cabling; net metering,BESS integration; bifacial module handling; SCADA monitoring; drone-based O&M; agrivoltaic installation,Emerging,UNDERSUPPLY_HIGH_DEMAND
ITI-MH-0076,Bharat ITI Solapur,Solapur,Hotgi,tier2,Govt,Data Entry & Office Automation,IT/BPO,2,12,50,13.8,MS Office; typing speed 40wpm; basic internet browsing; data formatting; tally basics,AI/ML awareness; RPA tools; cloud-based ERP; Python scripting; database querying,Declining,OVERSUPPLY_LOW_PLACEMENT
ITI-MH-0076,Bharat ITI Solapur,Solapur,Hotgi,tier2,Govt,Welder,Engineering,3,12,97,55.7,MIG welding; TIG welding; SMAW; weld inspection; distortion control; PPE compliance,underwater welding; robotic welding cell operation; NDT basics; structural welding codes; aluminium TIG,Stable,BALANCED
ITI-MH-0076,Bharat ITI Solapur,Solapur,Hotgi,tier2,Pvt,EV Battery Technician,Electric Vehicles,4,12,19,84.0,Li-ion cell handling; BMS calibration; spot welding; DC bus wiring; EV safety protocols; thermal management,solid-state battery handling; second-life battery repurposing; battery recycling processes; fast-charge system config,Emerging,UNDERSUPPLY_HIGH_DEMAND
ITI-MH-0077,KVK ITI Solapur,Solapur,Akkalkot,tier2,Govt,Shorthand & Stenography,Administration,2,12,46,14.7,Pitman shorthand; typing speed 60wpm; MS Word; filing systems; basic correspondence,digital transcription tools; voice-to-text software; calendar management; CRM usage,Declining,OVERSUPPLY_LOW_PLACEMENT
ITI-MH-0077,KVK ITI Solapur,Solapur,Akkalkot,tier2,Pvt,Green Building & Energy Audit,Construction,4,6,5,74.1,IGBC norms; MEP coordination; energy auditing basics; rainwater harvesting; BIM awareness; EV charging infra,ECBC compliance documentation; net-zero building modelling; green rating auditing; thermal comfort simulation,Emerging,UNDERSUPPLY_HIGH_DEMAND
ITI-MH-0078,Seva Sahayak ITI Hotgi,Solapur,Hotgi,tier2,Govt,Welder,Engineering,3,12,46,49.4,MIG welding; TIG welding; SMAW; weld inspection; distortion control; PPE compliance,underwater welding; robotic welding cell operation; NDT basics; structural welding codes; aluminium TIG,Stable,BALANCED
ITI-MH-0079,Shri Shivaji ITI Chincholi,Solapur,Chincholi,tier2,Govt,Welder,Engineering,3,12,49,44.3,MIG welding; TIG welding; SMAW; weld inspection; distortion control; PPE compliance,underwater welding; robotic welding cell operation; NDT basics; structural welding codes; aluminium TIG,Stable,BALANCED
ITI-MH-0079,Shri Shivaji ITI Chincholi,Solapur,Chincholi,tier2,Pvt,Offset Printing Technology,Printing,3,12,24,13.7,offset press operation; color registration; ink mixing; plate burning; bindery operations,digital printing (UV/DTF); pre-press DTP software; packaging design; flexographic printing,Declining,OVERSUPPLY_LOW_PLACEMENT
ITI-MH-0079,Shri Shivaji ITI Chincholi,Solapur,Chincholi,tier2,Govt,Data Entry & Office Automation,IT/BPO,2,12,64,9.9,MS Office; typing speed 40wpm; basic internet browsing; data formatting; tally basics,AI/ML awareness; RPA tools; cloud-based ERP; Python scripting; database querying,Declining,OVERSUPPLY_LOW_PLACEMENT
ITI-MH-0079,Shri Shivaji ITI Chincholi,Solapur,Chincholi,tier2,Govt,Plumber,Construction,3,12,39,49.0,pipe fitting; sanitary installation; plumbing drawings; water treatment basics; pressure testing,CPVC/HDPE piping; rainwater harvesting systems; fire suppression piping; BIM coordination,Stable,BALANCED
ITI-MH-0080,Maharashtra Industrial Training Institute Akkalkot,Solapur,Akkalkot,tier2,Pvt,Offset Printing Technology,Printing,3,12,25,10.5,offset press operation; color registration; ink mixing; plate burning; bindery operations,digital printing (UV/DTF); pre-press DTP software; packaging design; flexographic printing,Declining,OVERSUPPLY_LOW_PLACEMENT
ITI-MH-0080,Maharashtra Industrial Training Institute Akkalkot,Solapur,Akkalkot,tier2,Pvt,AI-Quality Inspection Tech,Adv Manufacturing,5,12,11,88.9,computer vision basics; image annotation; CMM operation; SPC analysis; defect classification; Python/ML awareness,model retraining pipelines; edge AI deployment; generative AI for test data; ISO 17025 lab accreditation,Emerging,UNDERSUPPLY_HIGH_DEMAND
ITI-MH-0080,Maharashtra Industrial Training Institute Akkalkot,Solapur,Akkalkot,tier2,Govt,Textile Weaving / Loom,Textiles,3,12,37,16.6,power loom setup; warp/weft threading; shuttle changeover; quality grading; loom maintenance,jacquard CAD design; technical textiles; ERP-based production planning; e-commerce product listing,Declining,OVERSUPPLY_LOW_PLACEMENT
ITI-MH-0080,Maharashtra Industrial Training Institute Akkalkot,Solapur,Akkalkot,tier2,Govt,Turner / Machinist,Precision Engg,3,24,49,57.5,lathe operation; turning & facing; boring & drilling; measurement tools; coolant management,CNC turning centres; live tooling; precision grinding; CMM measurement; ISO 9001 documentation,Stable,BALANCED
ITI-MH-0081,Lok Shikshan Sanstha ITI Akkalkot,Solapur,Akkalkot,tier2,Govt,Draughtsman (Civil/Mechanical),Engineering,3,24,50,26.1,manual drawing board; T-square drafting; 2D blueprint reading; basic AutoCAD; orthographic projection,3D CAD modelling (SolidWorks/CATIA); BIM software; parametric design; GD&T; simulation basics,Declining,BALANCED
ITI-MH-0081,Lok Shikshan Sanstha ITI Akkalkot,Solapur,Akkalkot,tier2,Pvt,Solar PV Technician,Renewable Energy,4,6,18,78.5,string inverter commissioning; rooftop module mounting; earthing & bonding; DC cabling; net metering,BESS integration; bifacial module handling; SCADA monitoring; drone-based O&M; agrivoltaic installation,Emerging,UNDERSUPPLY_HIGH_DEMAND
ITI-MH-0082,NTTF Centre Kagal,Kolhapur,Kagal,tier2,Pvt,Industrial IoT Technician,Industry 4.0,5,12,11,61.5,MQTT protocol; OPC-UA; edge computing; sensor calibration; Python scripting; cloud dashboards,cybersecurity for OT networks; digital thread; 5G private network config; ML-based anomaly detection,Emerging,UNDERSUPPLY_HIGH_DEMAND
ITI-MH-0082,NTTF Centre Kagal,Kolhapur,Kagal,tier2,Govt,Plumber,Construction,3,12,31,48.9,pipe fitting; sanitary installation; plumbing drawings; water treatment basics; pressure testing,CPVC/HDPE piping; rainwater harvesting systems; fire suppression piping; BIM coordination,Stable,BALANCED
ITI-MH-0082,NTTF Centre Kagal,Kolhapur,Kagal,tier2,Pvt,Drone Pilot & UAV Maintenance,AgriTech,4,6,19,68.7,DGCA certification; flight planning; GPS calibration; payload operations; drone maintenance; geofencing,LiDAR data processing; multi-spectral imaging analysis; swarm drone coordination; FPV racing & repair,Emerging,UNDERSUPPLY_HIGH_DEMAND
ITI-MH-0083,Govt ITI Kolhapur,Kolhapur,Shiroli,tier2,Govt,Welder,Engineering,3,12,60,51.9,MIG welding; TIG welding; SMAW; weld inspection; distortion control; PPE compliance,underwater welding; robotic welding cell operation; NDT basics; structural welding codes; aluminium TIG,Stable,BALANCED
ITI-MH-0083,Govt ITI Kolhapur,Kolhapur,Shiroli,tier2,Pvt,AI-Quality Inspection Tech,Adv Manufacturing,5,12,14,70.1,computer vision basics; image annotation; CMM operation; SPC analysis; defect classification; Python/ML awareness,model retraining pipelines; edge AI deployment; generative AI for test data; ISO 17025 lab accreditation,Emerging,UNDERSUPPLY_HIGH_DEMAND
ITI-MH-0083,Govt ITI Kolhapur,Kolhapur,Shiroli,tier2,Govt,Fitter,Engineering,3,24,48,56.2,bench work; assembly & fitting; measurement tools; blueprint reading; thread cutting; surface finishing,CNC fixture assembly; pneumatic systems; hydraulic fitting; 5S/lean manufacturing; digital measurement,Stable,BALANCED
ITI-MH-0083,Govt ITI Kolhapur,Kolhapur,Shiroli,tier2,Pvt,AC & Refrigeration Mechanic,HVAC,4,24,53,40.1,VRF systems; refrigerant handling; gas charging; electrical troubleshooting; BMS controls; AMC documentation,IoT-enabled HVAC monitoring; heat pump systems; cold-chain reefer servicing; LEED commissioning,Stable,BALANCED
ITI-MH-0084,Bharat ITI Kolhapur,Kolhapur,Shiroli,tier2,Govt,Draughtsman (Civil/Mechanical),Engineering,3,24,67,17.5,manual drawing board; T-square drafting; 2D blueprint reading; basic AutoCAD; orthographic projection,3D CAD modelling (SolidWorks/CATIA); BIM software; parametric design; GD&T; simulation basics,Declining,OVERSUPPLY_LOW_PLACEMENT
ITI-MH-0084,Bharat ITI Kolhapur,Kolhapur,Shiroli,tier2,Pvt,AI-Quality Inspection Tech,Adv Manufacturing,5,12,7,68.6,computer vision basics; image annotation; CMM operation; SPC analysis; defect classification; Python/ML awareness,model retraining pipelines; edge AI deployment; generative AI for test data; ISO 17025 lab accreditation,Emerging,UNDERSUPPLY_HIGH_DEMAND
ITI-MH-0084,Bharat ITI Kolhapur,Kolhapur,Shiroli,tier2,Pvt,Industrial IoT Technician,Industry 4.0,5,12,8,85.9,MQTT protocol; OPC-UA; edge computing; sensor calibration; Python scripting; cloud dashboards,cybersecurity for OT networks; digital thread; 5G private network config; ML-based anomaly detection,Emerging,UNDERSUPPLY_HIGH_DEMAND
ITI-MH-0084,Bharat ITI Kolhapur,Kolhapur,Shiroli,tier2,Govt,Electrician,Electrical,3,24,69,43.0,panel wiring; earthing; motor winding; PLC basics; electrical drawings; safety regulations,VFD configuration; SCADA basics; smart metering; EV charging infra; solar grid interconnection,Stable,BALANCED
ITI-MH-0085,KVK ITI Kolhapur,Kolhapur,Shiroli,tier2,Govt,Welder,Engineering,3,12,51,61.4,MIG welding; TIG welding; SMAW; weld inspection; distortion control; PPE compliance,underwater welding; robotic welding cell operation; NDT basics; structural welding codes; aluminium TIG,Stable,BALANCED
ITI-MH-0085,KVK ITI Kolhapur,Kolhapur,Shiroli,tier2,Pvt,Solar PV Technician,Renewable Energy,4,6,35,72.6,string inverter commissioning; rooftop module mounting; earthing & bonding; DC cabling; net metering,BESS integration; bifacial module handling; SCADA monitoring; drone-based O&M; agrivoltaic installation,Emerging,BALANCED
ITI-MH-0085,KVK ITI Kolhapur,Kolhapur,Shiroli,tier2,Govt,Draughtsman (Civil/Mechanical),Engineering,3,24,43,24.6,manual drawing board; T-square drafting; 2D blueprint reading; basic AutoCAD; orthographic projection,3D CAD modelling (SolidWorks/CATIA); BIM software; parametric design; GD&T; simulation basics,Declining,OVERSUPPLY_LOW_PLACEMENT
ITI-MH-0085,KVK ITI Kolhapur,Kolhapur,Shiroli,tier2,Pvt,AC & Refrigeration Mechanic,HVAC,4,24,31,45.7,VRF systems; refrigerant handling; gas charging; electrical troubleshooting; BMS controls; AMC documentation,IoT-enabled HVAC monitoring; heat pump systems; cold-chain reefer servicing; LEED commissioning,Stable,BALANCED
ITI-MH-0085,KVK ITI Kolhapur,Kolhapur,Shiroli,tier2,Pvt,Drone Pilot & UAV Maintenance,AgriTech,4,6,10,61.5,DGCA certification; flight planning; GPS calibration; payload operations; drone maintenance; geofencing,LiDAR data processing; multi-spectral imaging analysis; swarm drone coordination; FPV racing & repair,Emerging,UNDERSUPPLY_HIGH_DEMAND
ITI-MH-0086,MSBTE Affiliated ITI Kolhapur,Kolhapur,Gokul-Shirgaon,tier2,Govt,Shorthand & Stenography,Administration,2,12,54,6.6,Pitman shorthand; typing speed 60wpm; MS Word; filing systems; basic correspondence,digital transcription tools; voice-to-text software; calendar management; CRM usage,Declining,OVERSUPPLY_LOW_PLACEMENT
ITI-MH-0087,Maharashtra Industrial Training Institute Kagal,Kolhapur,Kagal,tier2,Pvt,CNC/VMC Operator,Precision Engg,4,12,39,67.8,G-code programming; Fanuc CNC controls; tool offsets; quality inspection; CAD/CAM basics; tolerance measurement,5-axis machining; Mastercam post-processing; in-process gauging; robotic tending; digital twin simulation,Stable,BALANCED
ITI-MH-0087,Maharashtra Industrial Training Institute Kagal,Kolhapur,Kagal,tier2,Pvt,Industrial IoT Technician,Industry 4.0,5,12,20,58.6,MQTT protocol; OPC-UA; edge computing; sensor calibration; Python scripting; cloud dashboards,cybersecurity for OT networks; digital thread; 5G private network config; ML-based anomaly detection,Emerging,BALANCED
ITI-MH-0087,Maharashtra Industrial Training Institute Kagal,Kolhapur,Kagal,tier2,Govt,Fitter,Engineering,3,24,80,49.9,bench work; assembly & fitting; measurement tools; blueprint reading; thread cutting; surface finishing,CNC fixture assembly; pneumatic systems; hydraulic fitting; 5S/lean manufacturing; digital measurement,Stable,BALANCED
ITI-MH-0087,Maharashtra Industrial Training Institute Kagal,Kolhapur,Kagal,tier2,Govt,Welder,Engineering,3,12,95,51.3,MIG welding; TIG welding; SMAW; weld inspection; distortion control; PPE compliance,underwater welding; robotic welding cell operation; NDT basics; structural welding codes; aluminium TIG,Stable,BALANCED
ITI-MH-0087,Maharashtra Industrial Training Institute Kagal,Kolhapur,Kagal,tier2,Pvt,Solar PV Technician,Renewable Energy,4,6,35,67.5,string inverter commissioning; rooftop module mounting; earthing & bonding; DC cabling; net metering,BESS integration; bifacial module handling; SCADA monitoring; drone-based O&M; agrivoltaic installation,Emerging,BALANCED
ITI-MH-0088,MSBTE Affiliated ITI Kolhapur,Kolhapur,Shiroli,tier2,Govt,Turner / Machinist,Precision Engg,3,24,42,40.1,lathe operation; turning & facing; boring & drilling; measurement tools; coolant management,CNC turning centres; live tooling; precision grinding; CMM measurement; ISO 9001 documentation,Stable,BALANCED
ITI-MH-0088,MSBTE Affiliated ITI Kolhapur,Kolhapur,Shiroli,tier2,Govt,Plumber,Construction,3,12,27,45.7,pipe fitting; sanitary installation; plumbing drawings; water treatment basics; pressure testing,CPVC/HDPE piping; rainwater harvesting systems; fire suppression piping; BIM coordination,Stable,BALANCED
ITI-MH-0088,MSBTE Affiliated ITI Kolhapur,Kolhapur,Shiroli,tier2,Govt,Fitter,Engineering,3,24,42,50.8,bench work; assembly & fitting; measurement tools; blueprint reading; thread cutting; surface finishing,CNC fixture assembly; pneumatic systems; hydraulic fitting; 5S/lean manufacturing; digital measurement,Stable,BALANCED
ITI-MH-0088,MSBTE Affiliated ITI Kolhapur,Kolhapur,Shiroli,tier2,Pvt,EV Battery Technician,Electric Vehicles,4,12,19,69.5,Li-ion cell handling; BMS calibration; spot welding; DC bus wiring; EV safety protocols; thermal management,solid-state battery handling; second-life battery repurposing; battery recycling processes; fast-charge system config,Emerging,UNDERSUPPLY_HIGH_DEMAND
ITI-MH-0088,MSBTE Affiliated ITI Kolhapur,Kolhapur,Shiroli,tier2,Pvt,CNC/VMC Operator,Precision Engg,4,12,41,52.3,G-code programming; Fanuc CNC controls; tool offsets; quality inspection; CAD/CAM basics; tolerance measurement,5-axis machining; Mastercam post-processing; in-process gauging; robotic tending; digital twin simulation,Stable,BALANCED
ITI-MH-0089,Govt ITI Kolhapur (Women),Kolhapur,Shiroli,tier2,Pvt,Green Building & Energy Audit,Construction,4,6,8,51.5,IGBC norms; MEP coordination; energy auditing basics; rainwater harvesting; BIM awareness; EV charging infra,ECBC compliance documentation; net-zero building modelling; green rating auditing; thermal comfort simulation,Emerging,UNDERSUPPLY_HIGH_DEMAND
ITI-MH-0089,Govt ITI Kolhapur (Women),Kolhapur,Shiroli,tier2,Govt,Data Entry & Office Automation,IT/BPO,2,12,37,17.0,MS Office; typing speed 40wpm; basic internet browsing; data formatting; tally basics,AI/ML awareness; RPA tools; cloud-based ERP; Python scripting; database querying,Declining,OVERSUPPLY_LOW_PLACEMENT
ITI-MH-0089,Govt ITI Kolhapur (Women),Kolhapur,Shiroli,tier2,Pvt,Cold-Chain & Logistics,Logistics,4,6,18,66.5,temperature monitoring; reefer truck ops; FSSAI cold-chain norms; inventory management; WMS software,blockchain-based traceability; EV reefer vehicle ops; predictive maintenance for cold rooms; last-mile route AI,Emerging,UNDERSUPPLY_HIGH_DEMAND
ITI-MH-0089,Govt ITI Kolhapur (Women),Kolhapur,Shiroli,tier2,Pvt,CNC/VMC Operator,Precision Engg,4,12,47,49.5,G-code programming; Fanuc CNC controls; tool offsets; quality inspection; CAD/CAM basics; tolerance measurement,5-axis machining; Mastercam post-processing; in-process gauging; robotic tending; digital twin simulation,Stable,BALANCED
ITI-MH-0090,Rayat Shikshan Sanstha ITI Amravati,Amravati,Nandgaonpeth,tier3,Govt,Fitter,Engineering,3,24,79,53.4,bench work; assembly & fitting; measurement tools; blueprint reading; thread cutting; surface finishing,CNC fixture assembly; pneumatic systems; hydraulic fitting; 5S/lean manufacturing; digital measurement,Stable,BALANCED
ITI-MH-0090,Rayat Shikshan Sanstha ITI Amravati,Amravati,Nandgaonpeth,tier3,Govt,Data Entry & Office Automation,IT/BPO,2,12,75,15.4,MS Office; typing speed 40wpm; basic internet browsing; data formatting; tally basics,AI/ML awareness; RPA tools; cloud-based ERP; Python scripting; database querying,Declining,OVERSUPPLY_LOW_PLACEMENT
ITI-MH-0090,Rayat Shikshan Sanstha ITI Amravati,Amravati,Nandgaonpeth,tier3,Govt,Welder,Engineering,3,12,55,44.6,MIG welding; TIG welding; SMAW; weld inspection; distortion control; PPE compliance,underwater welding; robotic welding cell operation; NDT basics; structural welding codes; aluminium TIG,Stable,BALANCED
ITI-MH-0090,Rayat Shikshan Sanstha ITI Amravati,Amravati,Nandgaonpeth,tier3,Pvt,EV Battery Technician,Electric Vehicles,4,12,15,82.8,Li-ion cell handling; BMS calibration; spot welding; DC bus wiring; EV safety protocols; thermal management,solid-state battery handling; second-life battery repurposing; battery recycling processes; fast-charge system config,Emerging,UNDERSUPPLY_HIGH_DEMAND
ITI-MH-0091,Lok Shikshan Sanstha ITI Amravati MIDC,Amravati,Amravati MIDC,tier3,Pvt,Drone Pilot & UAV Maintenance,AgriTech,4,6,15,74.4,DGCA certification; flight planning; GPS calibration; payload operations; drone maintenance; geofencing,LiDAR data processing; multi-spectral imaging analysis; swarm drone coordination; FPV racing & repair,Emerging,UNDERSUPPLY_HIGH_DEMAND
ITI-MH-0091,Lok Shikshan Sanstha ITI Amravati MIDC,Amravati,Amravati MIDC,tier3,Pvt,Offset Printing Technology,Printing,3,12,27,11.2,offset press operation; color registration; ink mixing; plate burning; bindery operations,digital printing (UV/DTF); pre-press DTP software; packaging design; flexographic printing,Declining,OVERSUPPLY_LOW_PLACEMENT
ITI-MH-0091,Lok Shikshan Sanstha ITI Amravati MIDC,Amravati,Amravati MIDC,tier3,Govt,Fitter,Engineering,3,24,58,61.1,bench work; assembly & fitting; measurement tools; blueprint reading; thread cutting; surface finishing,CNC fixture assembly; pneumatic systems; hydraulic fitting; 5S/lean manufacturing; digital measurement,Stable,BALANCED
ITI-MH-0091,Lok Shikshan Sanstha ITI Amravati MIDC,Amravati,Amravati MIDC,tier3,Pvt,Cold-Chain & Logistics,Logistics,4,6,25,60.0,temperature monitoring; reefer truck ops; FSSAI cold-chain norms; inventory management; WMS software,blockchain-based traceability; EV reefer vehicle ops; predictive maintenance for cold rooms; last-mile route AI,Emerging,BALANCED
ITI-MH-0092,NTTF Centre Nandgaonpeth,Amravati,Nandgaonpeth,tier3,Govt,Draughtsman (Civil/Mechanical),Engineering,3,24,84,13.3,manual drawing board; T-square drafting; 2D blueprint reading; basic AutoCAD; orthographic projection,3D CAD modelling (SolidWorks/CATIA); BIM software; parametric design; GD&T; simulation basics,Declining,OVERSUPPLY_LOW_PLACEMENT
ITI-MH-0092,NTTF Centre Nandgaonpeth,Amravati,Nandgaonpeth,tier3,Pvt,Industrial IoT Technician,Industry 4.0,5,12,16,78.5,MQTT protocol; OPC-UA; edge computing; sensor calibration; Python scripting; cloud dashboards,cybersecurity for OT networks; digital thread; 5G private network config; ML-based anomaly detection,Emerging,UNDERSUPPLY_HIGH_DEMAND
ITI-MH-0092,NTTF Centre Nandgaonpeth,Amravati,Nandgaonpeth,tier3,Pvt,Cold-Chain & Logistics,Logistics,4,6,10,68.5,temperature monitoring; reefer truck ops; FSSAI cold-chain norms; inventory management; WMS software,blockchain-based traceability; EV reefer vehicle ops; predictive maintenance for cold rooms; last-mile route AI,Emerging,UNDERSUPPLY_HIGH_DEMAND
ITI-MH-0093,Govt ITI Amravati (Women),Amravati,Nandgaonpeth,tier3,Pvt,Green Building & Energy Audit,Construction,4,6,10,56.9,IGBC norms; MEP coordination; energy auditing basics; rainwater harvesting; BIM awareness; EV charging infra,ECBC compliance documentation; net-zero building modelling; green rating auditing; thermal comfort simulation,Emerging,UNDERSUPPLY_HIGH_DEMAND
ITI-MH-0093,Govt ITI Amravati (Women),Amravati,Nandgaonpeth,tier3,Pvt,Industrial IoT Technician,Industry 4.0,5,12,10,84.7,MQTT protocol; OPC-UA; edge computing; sensor calibration; Python scripting; cloud dashboards,cybersecurity for OT networks; digital thread; 5G private network config; ML-based anomaly detection,Emerging,UNDERSUPPLY_HIGH_DEMAND
ITI-MH-0093,Govt ITI Amravati (Women),Amravati,Nandgaonpeth,tier3,Govt,Data Entry & Office Automation,IT/BPO,2,12,44,13.5,MS Office; typing speed 40wpm; basic internet browsing; data formatting; tally basics,AI/ML awareness; RPA tools; cloud-based ERP; Python scripting; database querying,Declining,OVERSUPPLY_LOW_PLACEMENT
ITI-MH-0094,Seva Sahayak ITI Nandgaonpeth,Amravati,Nandgaonpeth,tier3,Govt,Textile Weaving / Loom,Textiles,3,12,39,11.2,power loom setup; warp/weft threading; shuttle changeover; quality grading; loom maintenance,jacquard CAD design; technical textiles; ERP-based production planning; e-commerce product listing,Declining,OVERSUPPLY_LOW_PLACEMENT
ITI-MH-0096,Rayat Shikshan Sanstha ITI Sangli,Sangli,Miraj,tier3,Govt,Data Entry & Office Automation,IT/BPO,2,12,46,8.1,MS Office; typing speed 40wpm; basic internet browsing; data formatting; tally basics,AI/ML awareness; RPA tools; cloud-based ERP; Python scripting; database querying,Declining,OVERSUPPLY_LOW_PLACEMENT
ITI-MH-0098,Shri Shivaji ITI Miraj,Sangli,Miraj,tier3,Pvt,Green Building & Energy Audit,Construction,4,6,7,73.6,IGBC norms; MEP coordination; energy auditing basics; rainwater harvesting; BIM awareness; EV charging infra,ECBC compliance documentation; net-zero building modelling; green rating auditing; thermal comfort simulation,Emerging,UNDERSUPPLY_HIGH_DEMAND
ITI-MH-0099,Lok Shikshan Sanstha ITI Miraj,Sangli,Miraj,tier3,Pvt,Robotics & Automation,Adv Manufacturing,5,12,6,81.7,PLC programming; servo motor calibration; robot teach pendant; pneumatic systems; FANUC/KUKA commissioning,collaborative robot (cobot) programming; digital twin simulation; safety PLC; vision-guided robotics; ROS basics,Emerging,UNDERSUPPLY_HIGH_DEMAND
ITI-MH-0100,JSW Skills ITI Miraj,Sangli,Miraj,tier3,Pvt,Robotics & Automation,Adv Manufacturing,5,12,16,85.6,PLC programming; servo motor calibration; robot teach pendant; pneumatic systems; FANUC/KUKA commissioning,collaborative robot (cobot) programming; digital twin simulation; safety PLC; vision-guided robotics; ROS basics,Emerging,UNDERSUPPLY_HIGH_DEMAND
ITI-MH-0100,JSW Skills ITI Miraj,Sangli,Miraj,tier3,Pvt,AC & Refrigeration Mechanic,HVAC,4,24,28,58.3,VRF systems; refrigerant handling; gas charging; electrical troubleshooting; BMS controls; AMC documentation,IoT-enabled HVAC monitoring; heat pump systems; cold-chain reefer servicing; LEED commissioning,Stable,BALANCED
ITI-MH-0101,JSW Skills ITI Khopoli,Raigad,Khopoli,tier3,Pvt,AC & Refrigeration Mechanic,HVAC,4,24,23,50.8,VRF systems; refrigerant handling; gas charging; electrical troubleshooting; BMS controls; AMC documentation,IoT-enabled HVAC monitoring; heat pump systems; cold-chain reefer servicing; LEED commissioning,Stable,BALANCED
ITI-MH-0102,Tata Strive Centre Taloja,Raigad,Taloja,tier3,Pvt,Cold-Chain & Logistics,Logistics,4,6,25,64.8,temperature monitoring; reefer truck ops; FSSAI cold-chain norms; inventory management; WMS software,blockchain-based traceability; EV reefer vehicle ops; predictive maintenance for cold rooms; last-mile route AI,Emerging,BALANCED
ITI-MH-0103,Tata Strive Centre Patalganga,Raigad,Patalganga,tier3,Govt,Turner / Machinist,Precision Engg,3,24,61,37.3,lathe operation; turning & facing; boring & drilling; measurement tools; coolant management,CNC turning centres; live tooling; precision grinding; CMM measurement; ISO 9001 documentation,Stable,BALANCED
ITI-MH-0103,Tata Strive Centre Patalganga,Raigad,Patalganga,tier3,Govt,Fitter,Engineering,3,24,106,55.7,bench work; assembly & fitting; measurement tools; blueprint reading; thread cutting; surface finishing,CNC fixture assembly; pneumatic systems; hydraulic fitting; 5S/lean manufacturing; digital measurement,Stable,BALANCED
ITI-MH-0103,Tata Strive Centre Patalganga,Raigad,Patalganga,tier3,Govt,Textile Weaving / Loom,Textiles,3,12,34,10.5,power loom setup; warp/weft threading; shuttle changeover; quality grading; loom maintenance,jacquard CAD design; technical textiles; ERP-based production planning; e-commerce product listing,Declining,OVERSUPPLY_LOW_PLACEMENT
ITI-MH-0103,Tata Strive Centre Patalganga,Raigad,Patalganga,tier3,Pvt,CNC/VMC Operator,Precision Engg,4,12,60,61.7,G-code programming; Fanuc CNC controls; tool offsets; quality inspection; CAD/CAM basics; tolerance measurement,5-axis machining; Mastercam post-processing; in-process gauging; robotic tending; digital twin simulation,Stable,BALANCED
ITI-MH-0104,NTTF Centre Patalganga,Raigad,Patalganga,tier3,Pvt,Industrial IoT Technician,Industry 4.0,5,12,18,73.5,MQTT protocol; OPC-UA; edge computing; sensor calibration; Python scripting; cloud dashboards,cybersecurity for OT networks; digital thread; 5G private network config; ML-based anomaly detection,Emerging,UNDERSUPPLY_HIGH_DEMAND
ITI-MH-0104,NTTF Centre Patalganga,Raigad,Patalganga,tier3,Govt,Shorthand & Stenography,Administration,2,12,23,7.8,Pitman shorthand; typing speed 60wpm; MS Word; filing systems; basic correspondence,digital transcription tools; voice-to-text software; calendar management; CRM usage,Declining,OVERSUPPLY_LOW_PLACEMENT
ITI-MH-0104,NTTF Centre Patalganga,Raigad,Patalganga,tier3,Govt,Plumber,Construction,3,12,41,40.9,pipe fitting; sanitary installation; plumbing drawings; water treatment basics; pressure testing,CPVC/HDPE piping; rainwater harvesting systems; fire suppression piping; BIM coordination,Stable,BALANCED
ITI-MH-0104,NTTF Centre Patalganga,Raigad,Patalganga,tier3,Govt,Data Entry & Office Automation,IT/BPO,2,12,76,9.6,MS Office; typing speed 40wpm; basic internet browsing; data formatting; tally basics,AI/ML awareness; RPA tools; cloud-based ERP; Python scripting; database querying,Declining,OVERSUPPLY_LOW_PLACEMENT
ITI-MH-0105,Maharashtra Industrial Training Institute Manor,Palghar,Manor,tier3,Govt,Draughtsman (Civil/Mechanical),Engineering,3,24,40,9.0,manual drawing board; T-square drafting; 2D blueprint reading; basic AutoCAD; orthographic projection,3D CAD modelling (SolidWorks/CATIA); BIM software; parametric design; GD&T; simulation basics,Declining,OVERSUPPLY_LOW_PLACEMENT
ITI-MH-0105,Maharashtra Industrial Training Institute Manor,Palghar,Manor,tier3,Govt,Fitter,Engineering,3,24,108,39.2,bench work; assembly & fitting; measurement tools; blueprint reading; thread cutting; surface finishing,CNC fixture assembly; pneumatic systems; hydraulic fitting; 5S/lean manufacturing; digital measurement,Stable,BALANCED
ITI-MH-0106,Progressive Polytechnic & ITI Boisar,Palghar,Boisar,tier3,Pvt,Solar PV Technician,Renewable Energy,4,6,24,65.0,string inverter commissioning; rooftop module mounting; earthing & bonding; DC cabling; net metering,BESS integration; bifacial module handling; SCADA monitoring; drone-based O&M; agrivoltaic installation,Emerging,BALANCED
ITI-MH-0106,Progressive Polytechnic & ITI Boisar,Palghar,Boisar,tier3,Pvt,Robotics & Automation,Adv Manufacturing,5,12,9,85.0,PLC programming; servo motor calibration; robot teach pendant; pneumatic systems; FANUC/KUKA commissioning,collaborative robot (cobot) programming; digital twin simulation; safety PLC; vision-guided robotics; ROS basics,Emerging,UNDERSUPPLY_HIGH_DEMAND
ITI-MH-0106,Progressive Polytechnic & ITI Boisar,Palghar,Boisar,tier3,Pvt,Offset Printing Technology,Printing,3,12,49,8.6,offset press operation; color registration; ink mixing; plate burning; bindery operations,digital printing (UV/DTF); pre-press DTP software; packaging design; flexographic printing,Declining,OVERSUPPLY_LOW_PLACEMENT
ITI-MH-0106,Progressive Polytechnic & ITI Boisar,Palghar,Boisar,tier3,Pvt,AC & Refrigeration Mechanic,HVAC,4,24,59,52.1,VRF systems; refrigerant handling; gas charging; electrical troubleshooting; BMS controls; AMC documentation,IoT-enabled HVAC monitoring; heat pump systems; cold-chain reefer servicing; LEED commissioning,Stable,BALANCED
ITI-MH-0107,Skill India Hub ITI Palghar,Palghar,Manor,tier3,Pvt,CNC/VMC Operator,Precision Engg,4,12,30,68.4,G-code programming; Fanuc CNC controls; tool offsets; quality inspection; CAD/CAM basics; tolerance measurement,5-axis machining; Mastercam post-processing; in-process gauging; robotic tending; digital twin simulation,Stable,BALANCED
ITI-MH-0107,Skill India Hub ITI Palghar,Palghar,Manor,tier3,Pvt,Offset Printing Technology,Printing,3,12,46,8.5,offset press operation; color registration; ink mixing; plate burning; bindery operations,digital printing (UV/DTF); pre-press DTP software; packaging design; flexographic printing,Declining,OVERSUPPLY_LOW_PLACEMENT
ITI-MH-0107,Skill India Hub ITI Palghar,Palghar,Manor,tier3,Govt,Textile Weaving / Loom,Textiles,3,12,43,10.7,power loom setup; warp/weft threading; shuttle changeover; quality grading; loom maintenance,jacquard CAD design; technical textiles; ERP-based production planning; e-commerce product listing,Declining,OVERSUPPLY_LOW_PLACEMENT
ITI-MH-0107,Skill India Hub ITI Palghar,Palghar,Manor,tier3,Govt,Plumber,Construction,3,12,27,44.5,pipe fitting; sanitary installation; plumbing drawings; water treatment basics; pressure testing,CPVC/HDPE piping; rainwater harvesting systems; fire suppression piping; BIM coordination,Stable,BALANCED
ITI-MH-0108,Skill India Hub ITI Palghar,Palghar,Tarapur,tier3,Govt,Textile Weaving / Loom,Textiles,3,12,51,8.5,power loom setup; warp/weft threading; shuttle changeover; quality grading; loom maintenance,jacquard CAD design; technical textiles; ERP-based production planning; e-commerce product listing,Declining,OVERSUPPLY_LOW_PLACEMENT
ITI-MH-0108,Skill India Hub ITI Palghar,Palghar,Tarapur,tier3,Govt,Electrician,Electrical,3,24,77,60.3,panel wiring; earthing; motor winding; PLC basics; electrical drawings; safety regulations,VFD configuration; SCADA basics; smart metering; EV charging infra; solar grid interconnection,Stable,BALANCED
ITI-MH-0109,Rayat Shikshan Sanstha ITI Jalgaon,Jalgaon,Jalgaon MIDC,tier3,Pvt,Solar PV Technician,Renewable Energy,4,6,33,68.2,string inverter commissioning; rooftop module mounting; earthing & bonding; DC cabling; net metering,BESS integration; bifacial module handling; SCADA monitoring; drone-based O&M; agrivoltaic installation,Emerging,BALANCED
ITI-MH-0109,Rayat Shikshan Sanstha ITI Jalgaon,Jalgaon,Jalgaon MIDC,tier3,Govt,Welder,Engineering,3,12,63,55.4,MIG welding; TIG welding; SMAW; weld inspection; distortion control; PPE compliance,underwater welding; robotic welding cell operation; NDT basics; structural welding codes; aluminium TIG,Stable,BALANCED
ITI-MH-0110,Skill India Hub ITI Jalgaon,Jalgaon,Jalgaon MIDC,tier3,Govt,Fitter,Engineering,3,24,83,52.2,bench work; assembly & fitting; measurement tools; blueprint reading; thread cutting; surface finishing,CNC fixture assembly; pneumatic systems; hydraulic fitting; 5S/lean manufacturing; digital measurement,Stable,BALANCED
ITI-MH-0110,Skill India Hub ITI Jalgaon,Jalgaon,Jalgaon MIDC,tier3,Pvt,CNC/VMC Operator,Precision Engg,4,12,35,66.8,G-code programming; Fanuc CNC controls; tool offsets; quality inspection; CAD/CAM basics; tolerance measurement,5-axis machining; Mastercam post-processing; in-process gauging; robotic tending; digital twin simulation,Stable,BALANCED
ITI-MH-0110,Skill India Hub ITI Jalgaon,Jalgaon,Jalgaon MIDC,tier3,Pvt,Cold-Chain & Logistics,Logistics,4,6,28,64.5,temperature monitoring; reefer truck ops; FSSAI cold-chain norms; inventory management; WMS software,blockchain-based traceability; EV reefer vehicle ops; predictive maintenance for cold rooms; last-mile route AI,Emerging,BALANCED
ITI-MH-0111,Govt ITI Jalgaon,Jalgaon,Jalgaon MIDC,tier3,Govt,Draughtsman (Civil/Mechanical),Engineering,3,24,74,9.8,manual drawing board; T-square drafting; 2D blueprint reading; basic AutoCAD; orthographic projection,3D CAD modelling (SolidWorks/CATIA); BIM software; parametric design; GD&T; simulation basics,Declining,OVERSUPPLY_LOW_PLACEMENT
ITI-MH-0111,Govt ITI Jalgaon,Jalgaon,Jalgaon MIDC,tier3,Pvt,AI-Quality Inspection Tech,Adv Manufacturing,5,12,9,83.8,computer vision basics; image annotation; CMM operation; SPC analysis; defect classification; Python/ML awareness,model retraining pipelines; edge AI deployment; generative AI for test data; ISO 17025 lab accreditation,Emerging,UNDERSUPPLY_HIGH_DEMAND
ITI-MH-0111,Govt ITI Jalgaon,Jalgaon,Jalgaon MIDC,tier3,Govt,Fitter,Engineering,3,24,45,57.5,bench work; assembly & fitting; measurement tools; blueprint reading; thread cutting; surface finishing,CNC fixture assembly; pneumatic systems; hydraulic fitting; 5S/lean manufacturing; digital measurement,Stable,BALANCED
ITI-MH-0112,Govt ITI Jalgaon,Jalgaon,Jalgaon MIDC,tier3,Pvt,AI-Quality Inspection Tech,Adv Manufacturing,5,12,11,72.1,computer vision basics; image annotation; CMM operation; SPC analysis; defect classification; Python/ML awareness,model retraining pipelines; edge AI deployment; generative AI for test data; ISO 17025 lab accreditation,Emerging,UNDERSUPPLY_HIGH_DEMAND
ITI-MH-0112,Govt ITI Jalgaon,Jalgaon,Jalgaon MIDC,tier3,Govt,Welder,Engineering,3,12,78,53.2,MIG welding; TIG welding; SMAW; weld inspection; distortion control; PPE compliance,underwater welding; robotic welding cell operation; NDT basics; structural welding codes; aluminium TIG,Stable,BALANCED
ITI-MH-0113,Maharashtra Industrial Training Institute Bhusawal,Jalgaon,Bhusawal,tier3,Pvt,Solar PV Technician,Renewable Energy,4,6,21,62.3,string inverter commissioning; rooftop module mounting; earthing & bonding; DC cabling; net metering,BESS integration; bifacial module handling; SCADA monitoring; drone-based O&M; agrivoltaic installation,Emerging,BALANCED
ITI-MH-0114,Shri Shivaji ITI Udgir,Latur,Udgir,rural,Govt,Data Entry & Office Automation,IT/BPO,2,12,35,9.8,MS Office; typing speed 40wpm; basic internet browsing; data formatting; tally basics,AI/ML awareness; RPA tools; cloud-based ERP; Python scripting; database querying,Declining,OVERSUPPLY_LOW_PLACEMENT
ITI-MH-0114,Shri Shivaji ITI Udgir,Latur,Udgir,rural,Govt,Draughtsman (Civil/Mechanical),Engineering,3,24,41,8.4,manual drawing board; T-square drafting; 2D blueprint reading; basic AutoCAD; orthographic projection,3D CAD modelling (SolidWorks/CATIA); BIM software; parametric design; GD&T; simulation basics,Declining,OVERSUPPLY_LOW_PLACEMENT
ITI-MH-0114,Shri Shivaji ITI Udgir,Latur,Udgir,rural,Pvt,CNC/VMC Operator,Precision Engg,4,12,20,58.3,G-code programming; Fanuc CNC controls; tool offsets; quality inspection; CAD/CAM basics; tolerance measurement,5-axis machining; Mastercam post-processing; in-process gauging; robotic tending; digital twin simulation,Stable,BALANCED
ITI-MH-0115,Lok Shikshan Sanstha ITI Udgir,Latur,Udgir,rural,Pvt,AC & Refrigeration Mechanic,HVAC,4,24,22,49.6,VRF systems; refrigerant handling; gas charging; electrical troubleshooting; BMS controls; AMC documentation,IoT-enabled HVAC monitoring; heat pump systems; cold-chain reefer servicing; LEED commissioning,Stable,BALANCED
ITI-MH-0115,Lok Shikshan Sanstha ITI Udgir,Latur,Udgir,rural,Govt,Turner / Machinist,Precision Engg,3,24,36,50.0,lathe operation; turning & facing; boring & drilling; measurement tools; coolant management,CNC turning centres; live tooling; precision grinding; CMM measurement; ISO 9001 documentation,Stable,BALANCED
ITI-MH-0116,Shri Shivaji ITI Osmanabad MIDC,Osmanabad,Osmanabad MIDC,rural,Govt,Plumber,Construction,3,12,27,36.3,pipe fitting; sanitary installation; plumbing drawings; water treatment basics; pressure testing,CPVC/HDPE piping; rainwater harvesting systems; fire suppression piping; BIM coordination,Stable,BALANCED
ITI-MH-0117,KVK ITI Osmanabad,Osmanabad,Osmanabad MIDC,rural,Govt,Turner / Machinist,Precision Engg,3,24,34,50.4,lathe operation; turning & facing; boring & drilling; measurement tools; coolant management,CNC turning centres; live tooling; precision grinding; CMM measurement; ISO 9001 documentation,Stable,BALANCED
ITI-MH-0118,Tata Strive Centre Nanded MIDC,Nanded,Nanded MIDC,rural,Govt,Turner / Machinist,Precision Engg,3,24,40,51.2,lathe operation; turning & facing; boring & drilling; measurement tools; coolant management,CNC turning centres; live tooling; precision grinding; CMM measurement; ISO 9001 documentation,Stable,BALANCED
ITI-MH-0119,JSW Skills ITI Degloor,Nanded,Degloor,rural,Govt,Turner / Machinist,Precision Engg,3,24,37,56.0,lathe operation; turning & facing; boring & drilling; measurement tools; coolant management,CNC turning centres; live tooling; precision grinding; CMM measurement; ISO 9001 documentation,Stable,BALANCED
ITI-MH-0119,JSW Skills ITI Degloor,Nanded,Degloor,rural,Pvt,AC & Refrigeration Mechanic,HVAC,4,24,25,41.5,VRF systems; refrigerant handling; gas charging; electrical troubleshooting; BMS controls; AMC documentation,IoT-enabled HVAC monitoring; heat pump systems; cold-chain reefer servicing; LEED commissioning,Stable,BALANCED
ITI-MH-0119,JSW Skills ITI Degloor,Nanded,Degloor,rural,Govt,Welder,Engineering,3,12,30,50.6,MIG welding; TIG welding; SMAW; weld inspection; distortion control; PPE compliance,underwater welding; robotic welding cell operation; NDT basics; structural welding codes; aluminium TIG,Stable,BALANCED
ITI-MH-0120,Seva Sahayak ITI Beed MIDC,Beed,Beed MIDC,rural,Govt,Draughtsman (Civil/Mechanical),Engineering,3,24,43,17.2,manual drawing board; T-square drafting; 2D blueprint reading; basic AutoCAD; orthographic projection,3D CAD modelling (SolidWorks/CATIA); BIM software; parametric design; GD&T; simulation basics,Declining,OVERSUPPLY_LOW_PLACEMENT
ITI-MH-0120,Seva Sahayak ITI Beed MIDC,Beed,Beed MIDC,rural,Pvt,Drone Pilot & UAV Maintenance,AgriTech,4,6,6,77.3,DGCA certification; flight planning; GPS calibration; payload operations; drone maintenance; geofencing,LiDAR data processing; multi-spectral imaging analysis; swarm drone coordination; FPV racing & repair,Emerging,UNDERSUPPLY_HIGH_DEMAND
ITI-MH-0124,JSW Skills ITI Ballarpur,Chandrapur,Ballarpur,rural,Pvt,Offset Printing Technology,Printing,3,12,25,13.5,offset press operation; color registration; ink mixing; plate burning; bindery operations,digital printing (UV/DTF); pre-press DTP software; packaging design; flexographic printing,Declining,OVERSUPPLY_LOW_PLACEMENT
ITI-MH-0125,Shri Shivaji ITI Ballarpur,Chandrapur,Ballarpur,rural,Govt,Plumber,Construction,3,12,27,50.1,pipe fitting; sanitary installation; plumbing drawings; water treatment basics; pressure testing,CPVC/HDPE piping; rainwater harvesting systems; fire suppression piping; BIM coordination,Stable,BALANCED
ITI-MH-0125,Shri Shivaji ITI Ballarpur,Chandrapur,Ballarpur,rural,Govt,Fitter,Engineering,3,24,50,61.9,bench work; assembly & fitting; measurement tools; blueprint reading; thread cutting; surface finishing,CNC fixture assembly; pneumatic systems; hydraulic fitting; 5S/lean manufacturing; digital measurement,Stable,BALANCED
ITI-MH-0125,Shri Shivaji ITI Ballarpur,Chandrapur,Ballarpur,rural,Pvt,AC & Refrigeration Mechanic,HVAC,4,24,26,42.3,VRF systems; refrigerant handling; gas charging; electrical troubleshooting; BMS controls; AMC documentation,IoT-enabled HVAC monitoring; heat pump systems; cold-chain reefer servicing; LEED commissioning,Stable,BALANCED
ITI-MH-0125,Shri Shivaji ITI Ballarpur,Chandrapur,Ballarpur,rural,Govt,Welder,Engineering,3,12,39,50.1,MIG welding; TIG welding; SMAW; weld inspection; distortion control; PPE compliance,underwater welding; robotic welding cell operation; NDT basics; structural welding codes; aluminium TIG,Stable,BALANCED
ITI-MH-0125,Shri Shivaji ITI Ballarpur,Chandrapur,Ballarpur,rural,Pvt,Offset Printing Technology,Printing,3,12,23,10.0,offset press operation; color registration; ink mixing; plate burning; bindery operations,digital printing (UV/DTF); pre-press DTP software; packaging design; flexographic printing,Declining,OVERSUPPLY_LOW_PLACEMENT
ITI-MH-0126,Progressive Polytechnic & ITI Gadchiroli MIDC,Gadchiroli,Gadchiroli MIDC,rural,Govt,Data Entry & Office Automation,IT/BPO,2,12,33,13.5,MS Office; typing speed 40wpm; basic internet browsing; data formatting; tally basics,AI/ML awareness; RPA tools; cloud-based ERP; Python scripting; database querying,Declining,OVERSUPPLY_LOW_PLACEMENT
ITI-MH-0127,Progressive Polytechnic & ITI Gadchiroli MIDC,Gadchiroli,Gadchiroli MIDC,rural,Govt,Plumber,Construction,3,12,27,47.1,pipe fitting; sanitary installation; plumbing drawings; water treatment basics; pressure testing,CPVC/HDPE piping; rainwater harvesting systems; fire suppression piping; BIM coordination,Stable,BALANCED
ITI-MH-0127,Progressive Polytechnic & ITI Gadchiroli MIDC,Gadchiroli,Gadchiroli MIDC,rural,Govt,Electrician,Electrical,3,24,51,57.5,panel wiring; earthing; motor winding; PLC basics; electrical drawings; safety regulations,VFD configuration; SCADA basics; smart metering; EV charging infra; solar grid interconnection,Stable,BALANCED
ITI-MH-0127,Progressive Polytechnic & ITI Gadchiroli MIDC,Gadchiroli,Gadchiroli MIDC,rural,Govt,Fitter,Engineering,3,24,40,56.6,bench work; assembly & fitting; measurement tools; blueprint reading; thread cutting; surface finishing,CNC fixture assembly; pneumatic systems; hydraulic fitting; 5S/lean manufacturing; digital measurement,Stable,BALANCED
ITI-MH-0128,JSW Skills ITI Buldhana MIDC,Buldhana,Buldhana MIDC,rural,Govt,Shorthand & Stenography,Administration,2,12,21,11.3,Pitman shorthand; typing speed 60wpm; MS Word; filing systems; basic correspondence,digital transcription tools; voice-to-text software; calendar management; CRM usage,Declining,OVERSUPPLY_LOW_PLACEMENT
ITI-MH-0129,Seva Sahayak ITI Buldhana MIDC,Buldhana,Buldhana MIDC,rural,Govt,Turner / Machinist,Precision Engg,3,24,31,52.9,lathe operation; turning & facing; boring & drilling; measurement tools; coolant management,CNC turning centres; live tooling; precision grinding; CMM measurement; ISO 9001 documentation,Stable,BALANCED
ITI-MH-0129,Seva Sahayak ITI Buldhana MIDC,Buldhana,Buldhana MIDC,rural,Pvt,Solar PV Technician,Renewable Energy,4,6,13,76.3,string inverter commissioning; rooftop module mounting; earthing & bonding; DC cabling; net metering,BESS integration; bifacial module handling; SCADA monitoring; drone-based O&M; agrivoltaic installation,Emerging,UNDERSUPPLY_HIGH_DEMAND
ITI-MH-0129,Seva Sahayak ITI Buldhana MIDC,Buldhana,Buldhana MIDC,rural,Govt,Textile Weaving / Loom,Textiles,3,12,33,9.3,power loom setup; warp/weft threading; shuttle changeover; quality grading; loom maintenance,jacquard CAD design; technical textiles; ERP-based production planning; e-commerce product listing,Declining,OVERSUPPLY_LOW_PLACEMENT
ITI-MH-0130,Govt ITI Buldhana (Women),Buldhana,Buldhana MIDC,rural,Pvt,Robotics & Automation,Adv Manufacturing,5,12,7,76.9,PLC programming; servo motor calibration; robot teach pendant; pneumatic systems; FANUC/KUKA commissioning,collaborative robot (cobot) programming; digital twin simulation; safety PLC; vision-guided robotics; ROS basics,Emerging,UNDERSUPPLY_HIGH_DEMAND
ITI-MH-0130,Govt ITI Buldhana (Women),Buldhana,Buldhana MIDC,rural,Govt,Textile Weaving / Loom,Textiles,3,12,32,11.7,power loom setup; warp/weft threading; shuttle changeover; quality grading; loom maintenance,jacquard CAD design; technical textiles; ERP-based production planning; e-commerce product listing,Declining,OVERSUPPLY_LOW_PLACEMENT
ITI-MH-0130,Govt ITI Buldhana (Women),Buldhana,Buldhana MIDC,rural,Govt,Fitter,Engineering,3,24,46,48.2,bench work; assembly & fitting; measurement tools; blueprint reading; thread cutting; surface finishing,CNC fixture assembly; pneumatic systems; hydraulic fitting; 5S/lean manufacturing; digital measurement,Stable,BALANCED
ITI-MH-0130,Govt ITI Buldhana (Women),Buldhana,Buldhana MIDC,rural,Govt,Turner / Machinist,Precision Engg,3,24,37,46.0,lathe operation; turning & facing; boring & drilling; measurement tools; coolant management,CNC turning centres; live tooling; precision grinding; CMM measurement; ISO 9001 documentation,Stable,BALANCED
ITI-MH-0131,Progressive Polytechnic & ITI Murtizapur,Akola,Murtizapur,rural,Govt,Plumber,Construction,3,12,29,42.2,pipe fitting; sanitary installation; plumbing drawings; water treatment basics; pressure testing,CPVC/HDPE piping; rainwater harvesting systems; fire suppression piping; BIM coordination,Stable,BALANCED
ITI-MH-0131,Progressive Polytechnic & ITI Murtizapur,Akola,Murtizapur,rural,Govt,Draughtsman (Civil/Mechanical),Engineering,3,24,49,18.0,manual drawing board; T-square drafting; 2D blueprint reading; basic AutoCAD; orthographic projection,3D CAD modelling (SolidWorks/CATIA); BIM software; parametric design; GD&T; simulation basics,Declining,OVERSUPPLY_LOW_PLACEMENT
ITI-MH-0131,Progressive Polytechnic & ITI Murtizapur,Akola,Murtizapur,rural,Govt,Electrician,Electrical,3,24,56,53.5,panel wiring; earthing; motor winding; PLC basics; electrical drawings; safety regulations,VFD configuration; SCADA basics; smart metering; EV charging infra; solar grid interconnection,Stable,BALANCED
ITI-MH-0132,Seva Sahayak ITI Murtizapur,Akola,Murtizapur,rural,Govt,Draughtsman (Civil/Mechanical),Engineering,3,24,44,13.9,manual drawing board; T-square drafting; 2D blueprint reading; basic AutoCAD; orthographic projection,3D CAD modelling (SolidWorks/CATIA); BIM software; parametric design; GD&T; simulation basics,Declining,OVERSUPPLY_LOW_PLACEMENT
ITI-MH-0133,Govt ITI Washim,Washim,Washim MIDC,rural,Govt,Textile Weaving / Loom,Textiles,3,12,31,15.4,power loom setup; warp/weft threading; shuttle changeover; quality grading; loom maintenance,jacquard CAD design; technical textiles; ERP-based production planning; e-commerce product listing,Declining,OVERSUPPLY_LOW_PLACEMENT
ITI-MH-0134,Rayat Shikshan Sanstha ITI Washim,Washim,Washim MIDC,rural,Govt,Plumber,Construction,3,12,30,30.5,pipe fitting; sanitary installation; plumbing drawings; water treatment basics; pressure testing,CPVC/HDPE piping; rainwater harvesting systems; fire suppression piping; BIM coordination,Stable,BALANCED
ITI-MH-0134,Rayat Shikshan Sanstha ITI Washim,Washim,Washim MIDC,rural,Pvt,Drone Pilot & UAV Maintenance,AgriTech,4,6,6,57.5,DGCA certification; flight planning; GPS calibration; payload operations; drone maintenance; geofencing,LiDAR data processing; multi-spectral imaging analysis; swarm drone coordination; FPV racing & repair,Emerging,UNDERSUPPLY_HIGH_DEMAND
ITI-MH-0134,Rayat Shikshan Sanstha ITI Washim,Washim,Washim MIDC,rural,Govt,Turner / Machinist,Precision Engg,3,24,32,40.4,lathe operation; turning & facing; boring & drilling; measurement tools; coolant management,CNC turning centres; live tooling; precision grinding; CMM measurement; ISO 9001 documentation,Stable,BALANCED
ITI-MH-0134,Rayat Shikshan Sanstha ITI Washim,Washim,Washim MIDC,rural,Pvt,Offset Printing Technology,Printing,3,12,23,12.9,offset press operation; color registration; ink mixing; plate burning; bindery operations,digital printing (UV/DTF); pre-press DTP software; packaging design; flexographic printing,Declining,OVERSUPPLY_LOW_PLACEMENT
ITI-MH-0135,Progressive Polytechnic & ITI Hingoli MIDC,Hingoli,Hingoli MIDC,rural,Govt,Data Entry & Office Automation,IT/BPO,2,12,37,10.0,MS Office; typing speed 40wpm; basic internet browsing; data formatting; tally basics,AI/ML awareness; RPA tools; cloud-based ERP; Python scripting; database querying,Declining,OVERSUPPLY_LOW_PLACEMENT
ITI-MH-0135,Progressive Polytechnic & ITI Hingoli MIDC,Hingoli,Hingoli MIDC,rural,Pvt,Offset Printing Technology,Printing,3,12,21,8.1,offset press operation; color registration; ink mixing; plate burning; bindery operations,digital printing (UV/DTF); pre-press DTP software; packaging design; flexographic printing,Declining,OVERSUPPLY_LOW_PLACEMENT
ITI-MH-0135,Progressive Polytechnic & ITI Hingoli MIDC,Hingoli,Hingoli MIDC,rural,Govt,Welder,Engineering,3,12,39,61.7,MIG welding; TIG welding; SMAW; weld inspection; distortion control; PPE compliance,underwater welding; robotic welding cell operation; NDT basics; structural welding codes; aluminium TIG,Stable,BALANCED
ITI-MH-0135,Progressive Polytechnic & ITI Hingoli MIDC,Hingoli,Hingoli MIDC,rural,Govt,Plumber,Construction,3,12,29,50.8,pipe fitting; sanitary installation; plumbing drawings; water treatment basics; pressure testing,CPVC/HDPE piping; rainwater harvesting systems; fire suppression piping; BIM coordination,Stable,BALANCED
ITI-MH-0136,KVK ITI Parbhani,Parbhani,Parbhani MIDC,rural,Govt,Data Entry & Office Automation,IT/BPO,2,12,34,8.3,MS Office; typing speed 40wpm; basic internet browsing; data formatting; tally basics,AI/ML awareness; RPA tools; cloud-based ERP; Python scripting; database querying,Declining,OVERSUPPLY_LOW_PLACEMENT
ITI-MH-0136,KVK ITI Parbhani,Parbhani,Parbhani MIDC,rural,Govt,Electrician,Electrical,3,24,41,42.7,panel wiring; earthing; motor winding; PLC basics; electrical drawings; safety regulations,VFD configuration; SCADA basics; smart metering; EV charging infra; solar grid interconnection,Stable,BALANCED
ITI-MH-0136,KVK ITI Parbhani,Parbhani,Parbhani MIDC,rural,Govt,Draughtsman (Civil/Mechanical),Engineering,3,24,44,12.3,manual drawing board; T-square drafting; 2D blueprint reading; basic AutoCAD; orthographic projection,3D CAD modelling (SolidWorks/CATIA); BIM software; parametric design; GD&T; simulation basics,Declining,OVERSUPPLY_LOW_PLACEMENT
ITI-MH-0136,KVK ITI Parbhani,Parbhani,Parbhani MIDC,rural,Pvt,AC & Refrigeration Mechanic,HVAC,4,24,24,45.6,VRF systems; refrigerant handling; gas charging; electrical troubleshooting; BMS controls; AMC documentation,IoT-enabled HVAC monitoring; heat pump systems; cold-chain reefer servicing; LEED commissioning,Stable,BALANCED
ITI-MH-0137,Skill India Hub ITI Parbhani,Parbhani,Parbhani MIDC,rural,Govt,Textile Weaving / Loom,Textiles,3,12,31,16.0,power loom setup; warp/weft threading; shuttle changeover; quality grading; loom maintenance,jacquard CAD design; technical textiles; ERP-based production planning; e-commerce product listing,Declining,OVERSUPPLY_LOW_PLACEMENT
ITI-MH-0137,Skill India Hub ITI Parbhani,Parbhani,Parbhani MIDC,rural,Govt,Electrician,Electrical,3,24,44,47.8,panel wiring; earthing; motor winding; PLC basics; electrical drawings; safety regulations,VFD configuration; SCADA basics; smart metering; EV charging infra; solar grid interconnection,Stable,BALANCED
ITI-MH-0138,Skill India Hub ITI Jalna,Jalna,Jalna MIDC,rural,Govt,Welder,Engineering,3,12,40,52.1,MIG welding; TIG welding; SMAW; weld inspection; distortion control; PPE compliance,underwater welding; robotic welding cell operation; NDT basics; structural welding codes; aluminium TIG,Stable,BALANCED
ITI-MH-0138,Skill India Hub ITI Jalna,Jalna,Jalna MIDC,rural,Govt,Textile Weaving / Loom,Textiles,3,12,35,13.7,power loom setup; warp/weft threading; shuttle changeover; quality grading; loom maintenance,jacquard CAD design; technical textiles; ERP-based production planning; e-commerce product listing,Declining,OVERSUPPLY_LOW_PLACEMENT
ITI-MH-0138,Skill India Hub ITI Jalna,Jalna,Jalna MIDC,rural,Govt,Data Entry & Office Automation,IT/BPO,2,12,40,16.3,MS Office; typing speed 40wpm; basic internet browsing; data formatting; tally basics,AI/ML awareness; RPA tools; cloud-based ERP; Python scripting; database querying,Declining,OVERSUPPLY_LOW_PLACEMENT
ITI-MH-0139,Govt ITI Jalna,Jalna,Ambad-Jalna,rural,Govt,Electrician,Electrical,3,24,48,46.4,panel wiring; earthing; motor winding; PLC basics; electrical drawings; safety regulations,VFD configuration; SCADA basics; smart metering; EV charging infra; solar grid interconnection,Stable,BALANCED
ITI-MH-0139,Govt ITI Jalna,Jalna,Ambad-Jalna,rural,Pvt,CNC/VMC Operator,Precision Engg,4,12,28,50.1,G-code programming; Fanuc CNC controls; tool offsets; quality inspection; CAD/CAM basics; tolerance measurement,5-axis machining; Mastercam post-processing; in-process gauging; robotic tending; digital twin simulation,Stable,BALANCED
ITI-MH-0140,JSW Skills ITI Jalna MIDC,Jalna,Jalna MIDC,rural,Govt,Plumber,Construction,3,12,21,37.3,pipe fitting; sanitary installation; plumbing drawings; water treatment basics; pressure testing,CPVC/HDPE piping; rainwater harvesting systems; fire suppression piping; BIM coordination,Stable,BALANCED
ITI-MH-0140,JSW Skills ITI Jalna MIDC,Jalna,Jalna MIDC,rural,Govt,Fitter,Engineering,3,24,44,58.4,bench work; assembly & fitting; measurement tools; blueprint reading; thread cutting; surface finishing,CNC fixture assembly; pneumatic systems; hydraulic fitting; 5S/lean manufacturing; digital measurement,Stable,BALANCED
ITI-MH-0140,JSW Skills ITI Jalna MIDC,Jalna,Jalna MIDC,rural,Pvt,Drone Pilot & UAV Maintenance,AgriTech,4,6,10,66.3,DGCA certification; flight planning; GPS calibration; payload operations; drone maintenance; geofencing,LiDAR data processing; multi-spectral imaging analysis; swarm drone coordination; FPV racing & repair,Emerging,UNDERSUPPLY_HIGH_DEMAND
ITI-MH-0141,KVK ITI Dhule,Dhule,Dhule MIDC,tier3,Pvt,AC & Refrigeration Mechanic,HVAC,4,24,34,58.0,VRF systems; refrigerant handling; gas charging; electrical troubleshooting; BMS controls; AMC documentation,IoT-enabled HVAC monitoring; heat pump systems; cold-chain reefer servicing; LEED commissioning,Stable,BALANCED
ITI-MH-0141,KVK ITI Dhule,Dhule,Dhule MIDC,tier3,Govt,Data Entry & Office Automation,IT/BPO,2,12,68,12.9,MS Office; typing speed 40wpm; basic internet browsing; data formatting; tally basics,AI/ML awareness; RPA tools; cloud-based ERP; Python scripting; database querying,Declining,OVERSUPPLY_LOW_PLACEMENT
ITI-MH-0142,Progressive Polytechnic & ITI Dhule MIDC,Dhule,Dhule MIDC,tier3,Pvt,Industrial IoT Technician,Industry 4.0,5,12,18,71.4,MQTT protocol; OPC-UA; edge computing; sensor calibration; Python scripting; cloud dashboards,cybersecurity for OT networks; digital thread; 5G private network config; ML-based anomaly detection,Emerging,UNDERSUPPLY_HIGH_DEMAND
ITI-MH-0142,Progressive Polytechnic & ITI Dhule MIDC,Dhule,Dhule MIDC,tier3,Govt,Textile Weaving / Loom,Textiles,3,12,64,11.8,power loom setup; warp/weft threading; shuttle changeover; quality grading; loom maintenance,jacquard CAD design; technical textiles; ERP-based production planning; e-commerce product listing,Declining,OVERSUPPLY_LOW_PLACEMENT
ITI-MH-0142,Progressive Polytechnic & ITI Dhule MIDC,Dhule,Dhule MIDC,tier3,Pvt,Drone Pilot & UAV Maintenance,AgriTech,4,6,19,78.5,DGCA certification; flight planning; GPS calibration; payload operations; drone maintenance; geofencing,LiDAR data processing; multi-spectral imaging analysis; swarm drone coordination; FPV racing & repair,Emerging,UNDERSUPPLY_HIGH_DEMAND
ITI-MH-0142,Progressive Polytechnic & ITI Dhule MIDC,Dhule,Dhule MIDC,tier3,Pvt,Robotics & Automation,Adv Manufacturing,5,12,7,69.5,PLC programming; servo motor calibration; robot teach pendant; pneumatic systems; FANUC/KUKA commissioning,collaborative robot (cobot) programming; digital twin simulation; safety PLC; vision-guided robotics; ROS basics,Emerging,UNDERSUPPLY_HIGH_DEMAND
ITI-MH-0143,KVK ITI Nandurbar,Nandurbar,Nandurbar MIDC,rural,Pvt,Offset Printing Technology,Printing,3,12,20,10.1,offset press operation; color registration; ink mixing; plate burning; bindery operations,digital printing (UV/DTF); pre-press DTP software; packaging design; flexographic printing,Declining,OVERSUPPLY_LOW_PLACEMENT
ITI-MH-0143,KVK ITI Nandurbar,Nandurbar,Nandurbar MIDC,rural,Pvt,AC & Refrigeration Mechanic,HVAC,4,24,29,55.4,VRF systems; refrigerant handling; gas charging; electrical troubleshooting; BMS controls; AMC documentation,IoT-enabled HVAC monitoring; heat pump systems; cold-chain reefer servicing; LEED commissioning,Stable,BALANCED
ITI-MH-0144,NTTF Centre Shrirampur,Ahmednagar,Shrirampur,tier3,Govt,Shorthand & Stenography,Administration,2,12,31,16.3,Pitman shorthand; typing speed 60wpm; MS Word; filing systems; basic correspondence,digital transcription tools; voice-to-text software; calendar management; CRM usage,Declining,OVERSUPPLY_LOW_PLACEMENT
ITI-MH-0144,NTTF Centre Shrirampur,Ahmednagar,Shrirampur,tier3,Pvt,Offset Printing Technology,Printing,3,12,44,16.8,offset press operation; color registration; ink mixing; plate burning; bindery operations,digital printing (UV/DTF); pre-press DTP software; packaging design; flexographic printing,Declining,OVERSUPPLY_LOW_PLACEMENT
ITI-MH-0144,NTTF Centre Shrirampur,Ahmednagar,Shrirampur,tier3,Pvt,Robotics & Automation,Adv Manufacturing,5,12,7,79.3,PLC programming; servo motor calibration; robot teach pendant; pneumatic systems; FANUC/KUKA commissioning,collaborative robot (cobot) programming; digital twin simulation; safety PLC; vision-guided robotics; ROS basics,Emerging,UNDERSUPPLY_HIGH_DEMAND
ITI-MH-0145,JSW Skills ITI Shrirampur,Ahmednagar,Shrirampur,tier3,Pvt,CNC/VMC Operator,Precision Engg,4,12,54,60.8,G-code programming; Fanuc CNC controls; tool offsets; quality inspection; CAD/CAM basics; tolerance measurement,5-axis machining; Mastercam post-processing; in-process gauging; robotic tending; digital twin simulation,Stable,BALANCED
ITI-MH-0145,JSW Skills ITI Shrirampur,Ahmednagar,Shrirampur,tier3,Pvt,Drone Pilot & UAV Maintenance,AgriTech,4,6,8,74.2,DGCA certification; flight planning; GPS calibration; payload operations; drone maintenance; geofencing,LiDAR data processing; multi-spectral imaging analysis; swarm drone coordination; FPV racing & repair,Emerging,UNDERSUPPLY_HIGH_DEMAND
ITI-MH-0145,JSW Skills ITI Shrirampur,Ahmednagar,Shrirampur,tier3,Govt,Plumber,Construction,3,12,31,35.2,pipe fitting; sanitary installation; plumbing drawings; water treatment basics; pressure testing,CPVC/HDPE piping; rainwater harvesting systems; fire suppression piping; BIM coordination,Stable,BALANCED
ITI-MH-0146,NTTF Centre Shrirampur,Ahmednagar,Shrirampur,tier3,Govt,Turner / Machinist,Precision Engg,3,24,36,38.3,lathe operation; turning & facing; boring & drilling; measurement tools; coolant management,CNC turning centres; live tooling; precision grinding; CMM measurement; ISO 9001 documentation,Stable,BALANCED
ITI-MH-0147,Rayat Shikshan Sanstha ITI Ahmednagar,Ahmednagar,Rahuri,tier3,Pvt,CNC/VMC Operator,Precision Engg,4,12,37,51.7,G-code programming; Fanuc CNC controls; tool offsets; quality inspection; CAD/CAM basics; tolerance measurement,5-axis machining; Mastercam post-processing; in-process gauging; robotic tending; digital twin simulation,Stable,BALANCED
ITI-MH-0147,Rayat Shikshan Sanstha ITI Ahmednagar,Ahmednagar,Rahuri,tier3,Govt,Draughtsman (Civil/Mechanical),Engineering,3,24,47,15.9,manual drawing board; T-square drafting; 2D blueprint reading; basic AutoCAD; orthographic projection,3D CAD modelling (SolidWorks/CATIA); BIM software; parametric design; GD&T; simulation basics,Declining,OVERSUPPLY_LOW_PLACEMENT
ITI-MH-0147,Rayat Shikshan Sanstha ITI Ahmednagar,Ahmednagar,Rahuri,tier3,Govt,Data Entry & Office Automation,IT/BPO,2,12,79,17.3,MS Office; typing speed 40wpm; basic internet browsing; data formatting; tally basics,AI/ML awareness; RPA tools; cloud-based ERP; Python scripting; database querying,Declining,OVERSUPPLY_LOW_PLACEMENT
ITI-MH-0147,Rayat Shikshan Sanstha ITI Ahmednagar,Ahmednagar,Rahuri,tier3,Govt,Shorthand & Stenography,Administration,2,12,47,9.2,Pitman shorthand; typing speed 60wpm; MS Word; filing systems; basic correspondence,digital transcription tools; voice-to-text software; calendar management; CRM usage,Declining,OVERSUPPLY_LOW_PLACEMENT
ITI-MH-0148,Govt ITI Ahmednagar,Ahmednagar,Rahuri,tier3,Govt,Shorthand & Stenography,Administration,2,12,47,17.1,Pitman shorthand; typing speed 60wpm; MS Word; filing systems; basic correspondence,digital transcription tools; voice-to-text software; calendar management; CRM usage,Declining,OVERSUPPLY_LOW_PLACEMENT
ITI-MH-0148,Govt ITI Ahmednagar,Ahmednagar,Rahuri,tier3,Pvt,Industrial IoT Technician,Industry 4.0,5,12,11,64.2,MQTT protocol; OPC-UA; edge computing; sensor calibration; Python scripting; cloud dashboards,cybersecurity for OT networks; digital thread; 5G private network config; ML-based anomaly detection,Emerging,UNDERSUPPLY_HIGH_DEMAND
ITI-MH-0148,Govt ITI Ahmednagar,Ahmednagar,Rahuri,tier3,Pvt,Robotics & Automation,Adv Manufacturing,5,12,16,84.0,PLC programming; servo motor calibration; robot teach pendant; pneumatic systems; FANUC/KUKA commissioning,collaborative robot (cobot) programming; digital twin simulation; safety PLC; vision-guided robotics; ROS basics,Emerging,UNDERSUPPLY_HIGH_DEMAND
ITI-MH-0148,Govt ITI Ahmednagar,Ahmednagar,Rahuri,tier3,Pvt,EV Battery Technician,Electric Vehicles,4,12,22,68.5,Li-ion cell handling; BMS calibration; spot welding; DC bus wiring; EV safety protocols; thermal management,solid-state battery handling; second-life battery repurposing; battery recycling processes; fast-charge system config,Emerging,BALANCED
ITI-MH-0148,Govt ITI Ahmednagar,Ahmednagar,Rahuri,tier3,Pvt,Cold-Chain & Logistics,Logistics,4,6,10,55.1,temperature monitoring; reefer truck ops; FSSAI cold-chain norms; inventory management; WMS software,blockchain-based traceability; EV reefer vehicle ops; predictive maintenance for cold rooms; last-mile route AI,Emerging,UNDERSUPPLY_HIGH_DEMAND
ITI-MH-0149,Govt ITI Satara (Women),Satara,Karad,tier3,Pvt,AI-Quality Inspection Tech,Adv Manufacturing,5,12,13,73.7,computer vision basics; image annotation; CMM operation; SPC analysis; defect classification; Python/ML awareness,model retraining pipelines; edge AI deployment; generative AI for test data; ISO 17025 lab accreditation,Emerging,UNDERSUPPLY_HIGH_DEMAND
ITI-MH-0150,Seva Sahayak ITI Satara MIDC,Satara,Satara MIDC,tier3,Pvt,Drone Pilot & UAV Maintenance,AgriTech,4,6,14,68.8,DGCA certification; flight planning; GPS calibration; payload operations; drone maintenance; geofencing,LiDAR data processing; multi-spectral imaging analysis; swarm drone coordination; FPV racing & repair,Emerging,UNDERSUPPLY_HIGH_DEMAND
ITI-MH-0150,Seva Sahayak ITI Satara MIDC,Satara,Satara MIDC,tier3,Pvt,Offset Printing Technology,Printing,3,12,24,9.7,offset press operation; color registration; ink mixing; plate burning; bindery operations,digital printing (UV/DTF); pre-press DTP software; packaging design; flexographic printing,Declining,OVERSUPPLY_LOW_PLACEMENT
ITI-MH-0151,Progressive Polytechnic & ITI Lote Parshuram,Ratnagiri,Lote Parshuram,rural,Govt,Shorthand & Stenography,Administration,2,12,27,17.0,Pitman shorthand; typing speed 60wpm; MS Word; filing systems; basic correspondence,digital transcription tools; voice-to-text software; calendar management; CRM usage,Declining,OVERSUPPLY_LOW_PLACEMENT
ITI-MH-0151,Progressive Polytechnic & ITI Lote Parshuram,Ratnagiri,Lote Parshuram,rural,Govt,Plumber,Construction,3,12,23,49.3,pipe fitting; sanitary installation; plumbing drawings; water treatment basics; pressure testing,CPVC/HDPE piping; rainwater harvesting systems; fire suppression piping; BIM coordination,Stable,BALANCED
ITI-MH-0152,KVK ITI Ratnagiri,Ratnagiri,Lote Parshuram,rural,Govt,Draughtsman (Civil/Mechanical),Engineering,3,24,46,12.5,manual drawing board; T-square drafting; 2D blueprint reading; basic AutoCAD; orthographic projection,3D CAD modelling (SolidWorks/CATIA); BIM software; parametric design; GD&T; simulation basics,Declining,OVERSUPPLY_LOW_PLACEMENT
ITI-MH-0153,Govt ITI Ratnagiri (Women),Ratnagiri,Mirya,rural,Pvt,Offset Printing Technology,Printing,3,12,22,15.3,offset press operation; color registration; ink mixing; plate burning; bindery operations,digital printing (UV/DTF); pre-press DTP software; packaging design; flexographic printing,Declining,OVERSUPPLY_LOW_PLACEMENT
ITI-MH-0153,Govt ITI Ratnagiri (Women),Ratnagiri,Mirya,rural,Pvt,AI-Quality Inspection Tech,Adv Manufacturing,5,12,6,88.3,computer vision basics; image annotation; CMM operation; SPC analysis; defect classification; Python/ML awareness,model retraining pipelines; edge AI deployment; generative AI for test data; ISO 17025 lab accreditation,Emerging,UNDERSUPPLY_HIGH_DEMAND
ITI-MH-0155,Tata Strive Centre Sindhudurg MIDC,Sindhudurg,Sindhudurg MIDC,rural,Govt,Data Entry & Office Automation,IT/BPO,2,12,37,17.6,MS Office; typing speed 40wpm; basic internet browsing; data formatting; tally basics,AI/ML awareness; RPA tools; cloud-based ERP; Python scripting; database querying,Declining,OVERSUPPLY_LOW_PLACEMENT
ITI-MH-0156,MSBTE Affiliated ITI Wardha,Wardha,Wardha MIDC,rural,Pvt,Solar PV Technician,Renewable Energy,4,6,13,64.0,string inverter commissioning; rooftop module mounting; earthing & bonding; DC cabling; net metering,BESS integration; bifacial module handling; SCADA monitoring; drone-based O&M; agrivoltaic installation,Emerging,UNDERSUPPLY_HIGH_DEMAND
ITI-MH-0156,MSBTE Affiliated ITI Wardha,Wardha,Wardha MIDC,rural,Pvt,Offset Printing Technology,Printing,3,12,25,12.7,offset press operation; color registration; ink mixing; plate burning; bindery operations,digital printing (UV/DTF); pre-press DTP software; packaging design; flexographic printing,Declining,OVERSUPPLY_LOW_PLACEMENT
ITI-MH-0157,Skill India Hub ITI Wardha,Wardha,Wardha MIDC,rural,Govt,Turner / Machinist,Precision Engg,3,24,32,47.4,lathe operation; turning & facing; boring & drilling; measurement tools; coolant management,CNC turning centres; live tooling; precision grinding; CMM measurement; ISO 9001 documentation,Stable,BALANCED
ITI-MH-0158,JSW Skills ITI Wardha MIDC,Wardha,Wardha MIDC,rural,Govt,Turner / Machinist,Precision Engg,3,24,39,48.5,lathe operation; turning & facing; boring & drilling; measurement tools; coolant management,CNC turning centres; live tooling; precision grinding; CMM measurement; ISO 9001 documentation,Stable,BALANCED
ITI-MH-0158,JSW Skills ITI Wardha MIDC,Wardha,Wardha MIDC,rural,Govt,Fitter,Engineering,3,24,46,54.7,bench work; assembly & fitting; measurement tools; blueprint reading; thread cutting; surface finishing,CNC fixture assembly; pneumatic systems; hydraulic fitting; 5S/lean manufacturing; digital measurement,Stable,BALANCED
ITI-MH-0158,JSW Skills ITI Wardha MIDC,Wardha,Wardha MIDC,rural,Pvt,Green Building & Energy Audit,Construction,4,6,10,74.3,IGBC norms; MEP coordination; energy auditing basics; rainwater harvesting; BIM awareness; EV charging infra,ECBC compliance documentation; net-zero building modelling; green rating auditing; thermal comfort simulation,Emerging,UNDERSUPPLY_HIGH_DEMAND
ITI-MH-0159,Tata Strive Centre Gondia MIDC,Gondia,Gondia MIDC,rural,Govt,Data Entry & Office Automation,IT/BPO,2,12,34,12.0,MS Office; typing speed 40wpm; basic internet browsing; data formatting; tally basics,AI/ML awareness; RPA tools; cloud-based ERP; Python scripting; database querying,Declining,OVERSUPPLY_LOW_PLACEMENT
ITI-MH-0159,Tata Strive Centre Gondia MIDC,Gondia,Gondia MIDC,rural,Govt,Fitter,Engineering,3,24,53,57.3,bench work; assembly & fitting; measurement tools; blueprint reading; thread cutting; surface finishing,CNC fixture assembly; pneumatic systems; hydraulic fitting; 5S/lean manufacturing; digital measurement,Stable,BALANCED
ITI-MH-0159,Tata Strive Centre Gondia MIDC,Gondia,Gondia MIDC,rural,Pvt,Offset Printing Technology,Printing,3,12,21,9.5,offset press operation; color registration; ink mixing; plate burning; bindery operations,digital printing (UV/DTF); pre-press DTP software; packaging design; flexographic printing,Declining,OVERSUPPLY_LOW_PLACEMENT
ITI-MH-0159,Tata Strive Centre Gondia MIDC,Gondia,Gondia MIDC,rural,Pvt,CNC/VMC Operator,Precision Engg,4,12,25,56.6,G-code programming; Fanuc CNC controls; tool offsets; quality inspection; CAD/CAM basics; tolerance measurement,5-axis machining; Mastercam post-processing; in-process gauging; robotic tending; digital twin simulation,Stable,BALANCED
ITI-MH-0160,Maharashtra Industrial Training Institute Gondia MIDC,Gondia,Gondia MIDC,rural,Pvt,Solar PV Technician,Renewable Energy,4,6,19,69.1,string inverter commissioning; rooftop module mounting; earthing & bonding; DC cabling; net metering,BESS integration; bifacial module handling; SCADA monitoring; drone-based O&M; agrivoltaic installation,Emerging,UNDERSUPPLY_HIGH_DEMAND
ITI-MH-0160,Maharashtra Industrial Training Institute Gondia MIDC,Gondia,Gondia MIDC,rural,Pvt,AC & Refrigeration Mechanic,HVAC,4,24,29,52.6,VRF systems; refrigerant handling; gas charging; electrical troubleshooting; BMS controls; AMC documentation,IoT-enabled HVAC monitoring; heat pump systems; cold-chain reefer servicing; LEED commissioning,Stable,BALANCED
ITI-MH-0161,NTTF Centre Gondia MIDC,Gondia,Gondia MIDC,rural,Pvt,AC & Refrigeration Mechanic,HVAC,4,24,30,42.2,VRF systems; refrigerant handling; gas charging; electrical troubleshooting; BMS controls; AMC documentation,IoT-enabled HVAC monitoring; heat pump systems; cold-chain reefer servicing; LEED commissioning,Stable,BALANCED
ITI-MH-0161,NTTF Centre Gondia MIDC,Gondia,Gondia MIDC,rural,Govt,Turner / Machinist,Precision Engg,3,24,34,47.5,lathe operation; turning & facing; boring & drilling; measurement tools; coolant management,CNC turning centres; live tooling; precision grinding; CMM measurement; ISO 9001 documentation,Stable,BALANCED
ITI-MH-0162,Tata Strive Centre Bhandara MIDC,Bhandara,Bhandara MIDC,rural,Pvt,AC & Refrigeration Mechanic,HVAC,4,24,27,49.1,VRF systems; refrigerant handling; gas charging; electrical troubleshooting; BMS controls; AMC documentation,IoT-enabled HVAC monitoring; heat pump systems; cold-chain reefer servicing; LEED commissioning,Stable,BALANCED
ITI-MH-0163,Lok Shikshan Sanstha ITI Bhandara MIDC,Bhandara,Bhandara MIDC,rural,Pvt,Solar PV Technician,Renewable Energy,4,6,10,65.0,string inverter commissioning; rooftop module mounting; earthing & bonding; DC cabling; net metering,BESS integration; bifacial module handling; SCADA monitoring; drone-based O&M; agrivoltaic installation,Emerging,UNDERSUPPLY_HIGH_DEMAND
ITI-MH-0164,NTTF Centre Bhandara MIDC,Bhandara,Bhandara MIDC,rural,Govt,Plumber,Construction,3,12,28,37.1,pipe fitting; sanitary installation; plumbing drawings; water treatment basics; pressure testing,CPVC/HDPE piping; rainwater harvesting systems; fire suppression piping; BIM coordination,Stable,BALANCED
ITI-MH-0164,NTTF Centre Bhandara MIDC,Bhandara,Bhandara MIDC,rural,Pvt,Offset Printing Technology,Printing,3,12,21,8.0,offset press operation; color registration; ink mixing; plate burning; bindery operations,digital printing (UV/DTF); pre-press DTP software; packaging design; flexographic printing,Declining,OVERSUPPLY_LOW_PLACEMENT
ITI-MH-0164,NTTF Centre Bhandara MIDC,Bhandara,Bhandara MIDC,rural,Govt,Electrician,Electrical,3,24,53,53.2,panel wiring; earthing; motor winding; PLC basics; electrical drawings; safety regulations,VFD configuration; SCADA basics; smart metering; EV charging infra; solar grid interconnection,Stable,BALANCED
